INSERT INTO creature_template (entry, modelid_1, modelid_2, name, subname, minlevel, maxlevel, minhealth, maxhealth, faction_A, faction_H, npcflag, scale, ScriptName) VALUES
( 800020, 6882, 7335, "Buffzeug", "Testserver Händler", 60, 60, 10000, 10000, 35, 35, 16390, 2, '' ),
( 800021, 6882, 7335, "Sonstiges", "Testserver Händler", 60, 60, 10000, 10000, 35, 35, 16390, 2, '' ),
( 800022, 6882, 7335, "Tränke & Verbände", "Testserver Händler", 60, 60, 10000, 10000, 35, 35, 16390, 2, '' ),
( 90200, 16309, 16309, "Classic-WoW", "Testserver Teleporter", 60, 60, 10000, 10000, 35, 35, 0, 2, '' );

INSERT INTO creature_template (entry, modelid_1, name, minlevel, maxlevel, minhealth, maxhealth, faction_A, faction_H, npcflag, scale, rank, ScriptName) VALUES
( 800023, 3019, "Dummy Level 60", 60, 60, 10000000, 10000000, 189, 189, 0, 1, 0, 'schlagmich' ),
( 800024, 3019, "Dummy Level 61", 61, 61, 10000000, 10000000, 189, 189, 0, 1, 0, 'schlagmich' ),
( 800025, 3019, "Dummy Level 62", 62, 62, 10000000, 10000000, 189, 189, 0, 1, 0, 'schlagmich' ),
( 800026, 3019, "Dummy Level 63", 63, 63, 10000000, 10000000, 189, 189, 0, 1, 3, 'schlagmich' );

INSERT INTO npc_vendor (entry, item) VALUES
( 800020, 9206 ), -- Elixier der Riesen
( 800020, 13445 ), -- Elixier der überragenden Verteidigung
( 800020, 13447 ), -- Elixier der Weisen
( 800020, 13453 ), -- Elixier der rohen Gewalt
( 800020, 13452 ), -- Elixier des Mungos
( 800020,  9264 ), -- Elixier der Schattenmacht
( 800020, 21546 ), -- Elixier der großen Feuermacht
( 800020, 13511 ), -- Fläschchen mit destillierter Weisheit
( 800020, 13512 ), -- Fläschchen der obersten Macht
( 800020, 13510 ), -- Fläschchen der Titanen
( 800020, 13454 ), -- Großes Arkanelixier
( 800020, 13461 ), -- Großer Arkanschutztrank
( 800020, 13457 ), -- Großer Feuerschutztrank
( 800020, 13456 ), -- Großer Frostschutztrank
( 800020, 13458 ), -- Großer Naturschutztrank
( 800020, 13459 ), -- Großer Schattenschutztrank
( 800020, 20750 ), -- Zauberöl
( 800020, 18262 ), -- Elementarwetzstein

( 800021, 15138 ), -- Onyxiaschuppenumhang
( 800021, 25001 ), -- Zahlschein
( 800021, 17966 ), -- Rucksack aus Onyxias Haut
( 800021, 21342 ), -- Kernteufelsstofftasche
( 800021,  6265 ), -- Seelensplitter
( 800021, 18232 ), -- Feldreparaturbot
( 800021, 15997 ), -- Thoriumpatronen
( 800021, 18042 ), -- Thoriumpfeile
( 800021,  2662 ), -- Ribblys Köcher
( 800021,  2663 ), -- Ribblys Schultergürtel

( 800022, 13444 ), -- Erheblicher Manatrank
( 800022, 13446 ), -- Erheblicher Heiltrank
( 800022, 13445 ), -- Elixier der überragenden Verteidigung
( 800022, 18253 ), -- Erheblicher Verjüngungstrank
( 800022, 20002 ), -- Großer Trank des traumlosen Schlafs
( 800022, 20008 ), -- Trank der lebhaften Aktion
( 800022, 20004 ), -- Erheblicher Trollbluttrank
( 800022, 20007 ), -- Magierbluttrank
( 800022, 13462 ), -- Läuterungstrank
( 800022, 13442 ), -- Mächtiger Wuttrank
( 800022, 14530 ); -- Runenstoffverband


INSERT INTO item_template (entry, name, displayid, Quality, SellPrice, description) VALUES
( 25001, "Zahlschein", 30658, 4, 500000, "Verkaufe mich!" );

INSERT INTO npc_vendor (entry, item) VALUES
( 800020, 20747 ), -- Geringes Manaöl
( 800020, 21217 ), -- Weisenfisch Supreme
( 800020, 13931 ), -- Nachtflossensuppe
( 800020, 21151 ), -- Schwarzer Rumsey Rum

( 800022,  9036 ), -- Magiewiderstandstrank
( 800022, 13455 ); -- Großer Steinschildtrank

INSERT INTO creature(id, map, modelid, equipment_id, position_x, position_y, position_z, orientation, spawntimesecs, spawndist, currentwaypoint, curhealth, curmana, DeathState, MovementType) VALUES 
( '90200', '1', '0', '508', '-1270.83', '120.576', '131.354', '1.93994', '25', '5', '0', '7423', '7071', '0', '0'),
( '90200', '1', '0', '508', '1506.24', '-4422.67', '22.1823', '1.5708', '25', '5', '0', '7423', '7071', '0', '0'),
( '90200', '0', '0', '508', '1830.97', '242.436', '60.0719', '4.84591', '25', '5', '0', '7423', '7071', '0', '0'),
( '90200', '0', '0', '508', '-7667.24', '-1216.55', '287.78', '5.68629', '25', '5', '0', '7423', '7071', '0', '0'),
( '90200', '0', '0', '508', '-7517.59', '-1042.59', '183.493', '5.54884', '25', '5', '0', '7423', '7071', '0', '0'),
( '90200', '0', '0', '508', '3106.29', '-3725.87', '133.604', '1.24878', '25', '5', '0', '7423', '7071', '0', '0'),
( '90200', '0', '0', '508', '-11911.6', '-1209.97', '93.498', '3.22799', '25', '5', '0', '7423', '7071', '0', '0'),
( '90200', '1', '0', '508', '-4707', '-3716.69', '54.058', '5.56455', '25', '5', '0', '7423', '7071', '0', '0'),
( '90200', '1', '0', '508', '-8119.3', '1536.19', '3.81942', '6.2714', '25', '5', '0', '7423', '7071', '0', '0'),
( '90200', '1', '0', '508', '-3988.88', '1128.52', '161.02', '0', '25', '5', '0', '7423', '7071', '0', '0'),
( '90200', '0', '0', '508', '-10184.1', '-3995.6', '-109.194', '1.3234', '25', '5', '0', '7423', '7071', '0', '0'),
( '90200', '0', '0', '508', '3180.97', '-4032.58', '105.668', '3.14553', '25', '5', '0', '7423', '7071', '0', '0'),
( '90200', '0', '0', '508', '3372.06', '-3374.63', '145.007', '3.17301', '25', '5', '0', '7423', '7071', '0', '0'),
( '90200', '0', '0', '508', '1262.57', '-2554.52', '94.12', '5.1797', '25', '5', '0', '7423', '7071', '0', '0'),
( '90200', '0', '0', '508', '-7521.51', '-1223.62', '285.73', '3.65603', '25', '5', '0', '7423', '7071', '0', '0'),
( '90200', '0', '0', '508', '-7174.75', '-915.646', '165.467', '3.48324', '25', '5', '0', '7423', '7071', '0', '0'),
( '90200', '0', '0', '508', '2893.23', '-812.837', '160.333', '1.99098', '25', '5', '0', '7423', '7071', '0', '0'),
( '90200', '0', '0', '508', '-6070.94', '-2947.28', '209.782', '4.74381', '25', '5', '0', '7423', '7071', '0', '0'),
( '90200', '0', '0', '508', '-6634.5', '-3771.07', '264.926', '0.699003', '25', '5', '0', '7423', '7071', '0', '0'),
( '90200', '1', '0', '508', '-1425.96', '2909.28', '137.631', '0.015708', '25', '5', '0', '7423', '7071', '0', '0'),
( '90200', '1', '0', '508', '-4651.55', '-2518.11', '81.826', '2.89027', '25', '5', '0', '7423', '7071', '0', '0'),
( '90200', '1', '0', '508', '-6803.91', '-2879.95', '9.43154', '4.54745', '25', '5', '0', '7423', '7071', '0', '0'),
( '90200', '1', '0', '508', '-738.531', '-2229.18', '19.1749', '0.777545', '25', '5', '0', '7423', '7071', '0', '0'),
( '90200', '1', '0', '508', '-4465.03', '-1683.18', '82.1218', '2.81958', '25', '5', '0', '7423', '7071', '0', '0'),
( '90200', '1', '0', '508', '1817.03', '-4406.13', '-17.8156', '3.12982', '25', '5', '0', '7423', '7071', '0', '0'),
( '90200', '1', '0', '508', '4257.89', '734.375', '-26.2641', '1.95956', '25', '5', '0', '7423', '7071', '0', '0'),
( '90200', '0', '0', '508', '-8767.41', '837.914', '90.1545', '2.19912', '25', '5', '0', '7423', '7071', '0', '0'),
( '90200', '0', '0', '508', '-238.169', '1562.5', '76.89', '5.81587', '25', '5', '0', '7423', '7071', '0', '0'),
( '90200', '0', '0', '508', '-5167.61', '925.794', '257.17', '6.16538', '25', '5', '0', '7423', '7071', '0', '0'),
( '90200', '0', '0', '508', '-11211.3', '1672.31', '24.6786', '0.0981746', '25', '5', '0', '7423', '7071', '0', '0'),
( '90200', '0', '0', '508', '-8898.64', '557.403', '93.1995', '2.11272', '25', '5', '0', '7423', '7071', '0', '0'),
( '90200', '0', '0', '508', '-4799.88', '-1122.74', '500.206', '4.00554', '25', '5', '0', '7423', '7071', '0', '0'),
( '90200', '1', '0', '508', '9955.65', '2290.04', '1341.39', '1.5708', '25', '5', '0', '7423', '7071', '0', '0'),
( '800020', '1', '0', '0', '1588.28', '-4411.03', '7.61125', '1.88103', '25', '5', '0', '10000', '0', '0', '0'),
( '800021', '1', '0', '0', '1591.4', '-4410.03', '7.34779', '1.88103', '25', '5', '0', '10000', '0', '0', '0'),
( '800022', '1', '0', '0', '1594.73', '-4408.97', '7.01026', '1.88103', '25', '5', '0', '10000', '0', '0', '0'),
( '800020', '0', '0', '0', '1832.06', '233.716', '60.0687', '1.6297', '25', '5', '0', '10000', '0', '0', '0'),
( '800021', '0', '0', '0', '1829.77', '233.581', '60.2478', '1.6297', '25', '5', '0', '10000', '0', '0', '0'),
( '800022', '0', '0', '0', '1826.61', '233.395', '60.3288', '1.6297', '25', '5', '0', '10000', '0', '0', '0'),
( '800020', '1', '0', '0', '-1267.43', '121.393', '131.213', '2.26195', '25', '5', '0', '10000', '0', '0', '0'),
( '800021', '1', '0', '0', '-1264.2', '123.093', '131.295', '1.94386', '25', '5', '0', '10000', '0', '0', '0'),
( '800022', '1', '0', '0', '-1260.05', '123.466', '131.357', '2.27766', '25', '5', '0', '10000', '0', '0', '0'),
( '800020', '469', '0', '0', '-7632.27', '-1085.25', '408.491', '0.585549', '25', '5', '0', '10000', '0', '0', '0'),
( '800021', '469', '0', '0', '-7630.34', '-1086.05', '408.491', '2.26237', '25', '5', '0', '10000', '0', '0', '0'),
( '800022', '469', '0', '0', '-7630.34', '-1083.94', '408.491', '4.16696', '25', '5', '0', '10000', '0', '0', '0'),
( '800020', '469', '0', '0', '-7539.87', '-1005.69', '408.6', '0.609109', '25', '5', '0', '10000', '0', '0', '0'),
( '800021', '469', '0', '0', '-7541.91', '-1002.71', '408.6', '0.601255', '25', '5', '0', '10000', '0', '0', '0'),
( '800022', '469', '0', '0', '-7544.13', '-999.477', '408.6', '0.601255', '25', '5', '0', '10000', '0', '0', '0'),
( '800020', '469', '0', '0', '-7607.79', '-934.505', '441.204', '3.75071', '25', '5', '0', '10000', '0', '0', '0'),
( '800021', '469', '0', '0', '-7605.66', '-937.548', '441.199', '3.75071', '25', '5', '0', '10000', '0', '0', '0'),
( '800022', '469', '0', '0', '-7603.35', '-940.866', '441.194', '3.75071', '25', '5', '0', '10000', '0', '0', '0'),
( '800020', '469', '0', '0', '-7568.41', '-1076.63', '449.164', '2.31734', '25', '5', '0', '10000', '0', '0', '0'),
( '800021', '469', '0', '0', '-7569.75', '-1077.56', '449.164', '2.23488', '25', '5', '0', '10000', '0', '0', '0'),
( '800022', '469', '0', '0', '-7571.36', '-1078.69', '449.164', '2.23488', '25', '5', '0', '10000', '0', '0', '0'),
( '800020', '469', '0', '0', '-7395.37', '-1061.25', '476.516', '2.1956', '25', '5', '0', '10000', '0', '0', '0'),
( '800021', '469', '0', '0', '-7397.76', '-1062.97', '476.516', '2.1956', '25', '5', '0', '10000', '0', '0', '0'),
( '800022', '469', '0', '0', '-7400.25', '-1064.76', '476.516', '2.1956', '25', '5', '0', '10000', '0', '0', '0'),
( '800020', '469', '0', '0', '-7530.15', '-1241.36', '480.331', '0.660151', '25', '5', '0', '10000', '0', '0', '0'),
( '800021', '469', '0', '0', '-7532.09', '-1238.86', '480.636', '0.660151', '25', '5', '0', '10000', '0', '0', '0'),
( '800022', '469', '0', '0', '-7533.95', '-1240.38', '480.604', '2.25844', '25', '5', '0', '10000', '0', '0', '0'),
( '800020', '409', '0', '0', '1072.19', '-469.46', '-107.385', '5.57728', '25', '5', '0', '10000', '0', '0', '0'),
( '800021', '409', '0', '0', '1070.21', '-471.788', '-107.415', '5.57728', '25', '5', '0', '10000', '0', '0', '0'),
( '800022', '409', '0', '0', '1067.65', '-474.781', '-107.454', '5.57728', '25', '5', '0', '10000', '0', '0', '0'),
( '800020', '409', '0', '0', '951.238', '-885.548', '-175.247', '0.315109', '25', '5', '0', '10000', '0', '0', '0'),
( '800021', '409', '0', '0', '950.708', '-882.158', '-174.994', '0.315109', '25', '5', '0', '10000', '0', '0', '0'),
( '800022', '409', '0', '0', '950.664', '-877.645', '-174.732', '0.315109', '25', '5', '0', '10000', '0', '0', '0'),
( '800020', '409', '0', '0', '1077.26', '-1027.32', '-185.784', '0.872747', '25', '5', '0', '10000', '0', '0', '0'),
( '800021', '409', '0', '0', '1080.79', '-1028.83', '-185.913', '1.14764', '25', '5', '0', '10000', '0', '0', '0'),
( '800022', '409', '0', '0', '1084.77', '-1030.62', '-186.057', '1.14764', '25', '5', '0', '10000', '0', '0', '0'),
( '800020', '409', '0', '0', '929.886', '-578.808', '-205.735', '4.34813', '25', '5', '0', '10000', '0', '0', '0'),
( '800021', '409', '0', '0', '934.189', '-580.391', '-205.672', '4.35992', '25', '5', '0', '10000', '0', '0', '0'),
( '800022', '409', '0', '0', '939.032', '-581.474', '-205.676', '4.35992', '25', '5', '0', '10000', '0', '0', '0'),
( '800020', '409', '0', '0', '780.186', '-807.992', '-224.327', '5.90321', '25', '5', '0', '10000', '0', '0', '0'),
( '800021', '409', '0', '0', '781.163', '-805.547', '-224.407', '5.90321', '25', '5', '0', '10000', '0', '0', '0'),
( '800022', '409', '0', '0', '778.743', '-811.606', '-224.21', '5.90321', '25', '5', '0', '10000', '0', '0', '0'),
( '800020', '409', '0', '0', '690.499', '-584.423', '-209.357', '0.923781', '25', '5', '0', '10000', '0', '0', '0'),
( '800021', '409', '0', '0', '687.014', '-581.79', '-209.317', '0.923781', '25', '5', '0', '10000', '0', '0', '0'),
( '800022', '409', '0', '0', '682.671', '-578.851', '-209.266', '0.923781', '25', '5', '0', '10000', '0', '0', '0'),
( '800020', '409', '0', '0', '637.858', '-758.149', '-203.091', '0.311176', '25', '5', '0', '10000', '0', '0', '0'),
( '800021', '409', '0', '0', '638.428', '-760.69', '-203.484', '5.73042', '25', '5', '0', '10000', '0', '0', '0'),
( '800022', '409', '0', '0', '635.431', '-760.235', '-203.151', '4.71334', '25', '5', '0', '10000', '0', '0', '0'),
( '800020', '409', '0', '0', '625.717', '-1051.79', '-200.549', '5.34167', '25', '5', '0', '10000', '0', '0', '0'),
( '800021', '409', '0', '0', '629.611', '-1048.96', '-200.578', '5.34167', '25', '5', '0', '10000', '0', '0', '0'),
( '800022', '409', '0', '0', '634.545', '-1045.37', '-200.633', '5.34167', '25', '5', '0', '10000', '0', '0', '0'),
( '800020', '409', '0', '0', '863.528', '-970.945', '-200.966', '4.74083', '25', '5', '0', '10000', '0', '0', '0'),
( '800021', '409', '0', '0', '860.925', '-971.019', '-201.582', '4.74083', '25', '5', '0', '10000', '0', '0', '0'),
( '800022', '409', '0', '0', '858.294', '-971.094', '-202.204', '4.74083', '25', '5', '0', '10000', '0', '0', '0'),
( '800020', '409', '0', '0', '659.537', '-1179.64', '-123.395', '6.13098', '25', '5', '0', '10000', '0', '0', '0'),
( '800021', '409', '0', '0', '660.135', '-1175.74', '-124.009', '6.13098', '25', '5', '0', '10000', '0', '0', '0'),
( '800022', '409', '0', '0', '660.866', '-1170.98', '-124.757', '6.13098', '25', '5', '0', '10000', '0', '0', '0'),
( '800020', '533', '0', '0', '3050.86', '-3424.4', '298.224', '3.47539', '25', '5', '0', '10000', '0', '0', '0'),
( '800021', '533', '0', '0', '3049.71', '-3421.09', '298.222', '3.47539', '25', '5', '0', '10000', '0', '0', '0'),
( '800022', '533', '0', '0', '3048.57', '-3417.78', '298.221', '3.47539', '25', '5', '0', '10000', '0', '0', '0'),
( '800020', '533', '0', '0', '3076.88', '-3236.19', '294.063', '2.21089', '25', '5', '0', '10000', '0', '0', '0'),
( '800021', '533', '0', '0', '3073.38', '-3238.8', '294.063', '2.21089', '25', '5', '0', '10000', '0', '0', '0'),
( '800022', '533', '0', '0', '3069.18', '-3241.93', '294.063', '2.21089', '25', '5', '0', '10000', '0', '0', '0'),
( '800020', '533', '0', '0', '3332.84', '-3266.69', '292.596', '3.2005', '25', '5', '0', '10000', '0', '0', '0'),
( '800021', '533', '0', '0', '3333.09', '-3271.05', '292.596', '3.2005', '25', '5', '0', '10000', '0', '0', '0'),
( '800022', '533', '0', '0', '3333.45', '-3277.14', '292.596', '3.2005', '25', '5', '0', '10000', '0', '0', '0'),
( '800020', '533', '0', '0', '3369.33', '-3088.18', '294.661', '1.29199', '25', '5', '0', '10000', '0', '0', '0'),
( '800021', '533', '0', '0', '3373.54', '-3089.35', '294.659', '1.29984', '25', '5', '0', '10000', '0', '0', '0'),
( '800022', '533', '0', '0', '3364.69', '-3086.9', '294.66', '1.29984', '25', '5', '0', '10000', '0', '0', '0'),
( '800020', '533', '0', '0', '2594.39', '-3050.1', '240.541', '5.74127', '25', '5', '0', '10000', '0', '0', '0'),
( '800021', '533', '0', '0', '2592.37', '-3053.45', '240.542', '5.74127', '25', '5', '0', '10000', '0', '0', '0'),
( '800022', '533', '0', '0', '2590.34', '-3056.84', '240.543', '5.74127', '25', '5', '0', '10000', '0', '0', '0'),
( '800020', '533', '0', '0', '2608.51', '-3355.83', '267.66', '3.00807', '25', '5', '0', '10000', '0', '0', '0'),
( '800021', '533', '0', '0', '2607.99', '-3359.71', '267.644', '3.00807', '25', '5', '0', '10000', '0', '0', '0'),
( '800022', '533', '0', '0', '2607.41', '-3364.04', '267.625', '3.00807', '25', '5', '0', '10000', '0', '0', '0'),
( '800020', '533', '0', '0', '2834.08', '-3078.69', '273.813', '4.77915', '25', '5', '0', '10000', '0', '0', '0'),
( '800021', '533', '0', '0', '2829.72', '-3078.98', '273.819', '4.77915', '25', '5', '0', '10000', '0', '0', '0'),
( '800022', '533', '0', '0', '2824.47', '-3079.33', '273.819', '4.77915', '25', '5', '0', '10000', '0', '0', '0'),
( '800020', '533', '0', '0', '2836.3', '-3694.39', '279.451', '1.43336', '25', '5', '0', '10000', '0', '0', '0'),
( '800021', '533', '0', '0', '2832.39', '-3693.85', '279.085', '1.43336', '25', '5', '0', '10000', '0', '0', '0'),
( '800022', '533', '0', '0', '2828.95', '-3693.38', '278.624', '1.43336', '25', '5', '0', '10000', '0', '0', '0'),
( '800020', '533', '0', '0', '2909.4', '-3882.26', '272.906', '4.70847', '25', '5', '0', '10000', '0', '0', '0'),
( '800021', '533', '0', '0', '2904.59', '-3882.15', '273.445', '4.68884', '25', '5', '0', '10000', '0', '0', '0'),
( '800022', '533', '0', '0', '2915.06', '-3882.39', '273.493', '4.68884', '25', '5', '0', '10000', '0', '0', '0'),
( '800020', '533', '0', '0', '2591.6', '-3538.73', '267.593', '2.77247', '25', '5', '0', '10000', '0', '0', '0'),
( '800021', '533', '0', '0', '2589.71', '-3543.61', '267.593', '2.77247', '25', '5', '0', '10000', '0', '0', '0'),
( '800022', '533', '0', '0', '2587.97', '-3548.1', '267.593', '2.77247', '25', '5', '0', '10000', '0', '0', '0'),
( '800020', '533', '0', '0', '3186.49', '-3468.73', '287.076', '4.7281', '25', '5', '0', '10000', '0', '0', '0'),
( '800021', '533', '0', '0', '3182.99', '-3468.78', '287.079', '4.7281', '25', '5', '0', '10000', '0', '0', '0'),
( '800022', '533', '0', '0', '3179.94', '-3468.83', '287.083', '4.7281', '25', '5', '0', '10000', '0', '0', '0'),
( '800020', '533', '0', '0', '3326.65', '-3715.25', '265.323', '2.10487', '25', '5', '0', '10000', '0', '0', '0'),
( '800021', '533', '0', '0', '3323.25', '-3717.26', '266.021', '2.10487', '25', '5', '0', '10000', '0', '0', '0'),
( '800022', '533', '0', '0', '3320.24', '-3719.04', '266.494', '2.10487', '25', '5', '0', '10000', '0', '0', '0'),
( '800020', '533', '0', '0', '3416.16', '-3850.7', '308.873', '2.36012', '25', '5', '0', '10000', '0', '0', '0'),
( '800021', '533', '0', '0', '3418.03', '-3848.84', '308.873', '2.3562', '25', '5', '0', '10000', '0', '0', '0'),
( '800022', '533', '0', '0', '3428.16', '-3835.47', '308.879', '2.67428', '25', '5', '0', '10000', '0', '0', '0'),
( '800020', '533', '0', '0', '3521.66', '-5326.66', '142.129', '2.72303', '25', '5', '0', '10000', '0', '0', '0'),
( '800021', '533', '0', '0', '3523.27', '-5323.08', '143.361', '2.7191', '25', '5', '0', '10000', '0', '0', '0'),
( '800022', '533', '0', '0', '3525.23', '-5318.71', '142.008', '2.7191', '25', '5', '0', '10000', '0', '0', '0'),
( '800020', '533', '0', '0', '3645.14', '-5104.2', '143.841', '1.27004', '25', '5', '0', '10000', '0', '0', '0'),
( '800021', '533', '0', '0', '3648.91', '-5105.37', '143.851', '1.27004', '25', '5', '0', '10000', '0', '0', '0'),
( '800022', '533', '0', '0', '3652.66', '-5106.53', '143.847', '1.27004', '25', '5', '0', '10000', '0', '0', '0'),
( '800020', '309', '0', '0', '-11894.6', '-1272.19', '85.3846', '3.5013', '25', '5', '0', '10000', '0', '0', '0'),
( '800021', '309', '0', '0', '-11895.8', '-1268.92', '85.3846', '3.5013', '25', '5', '0', '10000', '0', '0', '0'),
( '800022', '309', '0', '0', '-11897.5', '-1264.41', '85.3846', '3.5013', '25', '5', '0', '10000', '0', '0', '0'),
( '800020', '309', '0', '0', '-12242.6', '-1395.85', '131.549', '4.0982', '25', '5', '0', '10000', '0', '0', '0'),
( '800021', '309', '0', '0', '-12239.4', '-1398.11', '131.581', '4.0982', '25', '5', '0', '10000', '0', '0', '0'),
( '800022', '309', '0', '0', '-12234.4', '-1401.63', '131.215', '4.0982', '25', '5', '0', '10000', '0', '0', '0'),
( '800020', '309', '0', '0', '-11965.1', '-1690.35', '32.0421', '6.01457', '25', '5', '0', '10000', '0', '0', '0'),
( '800021', '309', '0', '0', '-11967.9', '-1693.94', '32.2657', '3.00257', '25', '5', '0', '10000', '0', '0', '0'),
( '800022', '309', '0', '0', '-11968.2', '-1697', '32.2663', '3.04969', '25', '5', '0', '10000', '0', '0', '0'),
( '800020', '309', '0', '0', '-12288.2', '-1926.32', '133.711', '0.112291', '25', '5', '0', '10000', '0', '0', '0'),
( '800021', '309', '0', '0', '-12287.9', '-1929.77', '135.793', '0.112291', '25', '5', '0', '10000', '0', '0', '0'),
( '800022', '309', '0', '0', '-12288.7', '-1922.4', '132.027', '0.112291', '25', '5', '0', '10000', '0', '0', '0'),
( '800020', '309', '0', '0', '-12321.2', '-1645.58', '130.637', '2.32711', '25', '5', '0', '10000', '0', '0', '0'),
( '800021', '309', '0', '0', '-12323.4', '-1650.23', '130.489', '5.39802', '25', '5', '0', '10000', '0', '0', '0'),
( '800022', '309', '0', '0', '-12318.8', '-1650.59', '130.261', '5.48834', '25', '5', '0', '10000', '0', '0', '0'),
( '800020', '309', '0', '0', '-11887.6', '-1842.35', '62.6372', '4.91499', '25', '5', '0', '10000', '0', '0', '0'),
( '800021', '309', '0', '0', '-11883.4', '-1841.22', '63.1724', '4.9739', '25', '5', '0', '10000', '0', '0', '0'),
( '800022', '309', '0', '0', '-11880', '-1840.33', '63.3773', '4.9739', '25', '5', '0', '10000', '0', '0', '0'),
( '800020', '309', '0', '0', '-11732.4', '-1892.56', '55.5248', '4.96213', '25', '5', '0', '10000', '0', '0', '0'),
( '800021', '309', '0', '0', '-11736.4', '-1893.58', '55.7984', '4.96213', '25', '5', '0', '10000', '0', '0', '0'),
( '800022', '309', '0', '0', '-11739.6', '-1894.39', '55.829', '4.96213', '25', '5', '0', '10000', '0', '0', '0'),
( '800020', '309', '0', '0', '-11488.3', '-1602.14', '41.2983', '4.73437', '25', '5', '0', '10000', '0', '0', '0'),
( '800021', '309', '0', '0', '-11492.6', '-1602.24', '41.2983', '4.73437', '25', '5', '0', '10000', '0', '0', '0'),
( '800022', '309', '0', '0', '-11497', '-1602.33', '41.2983', '4.73437', '25', '5', '0', '10000', '0', '0', '0'),
( '800020', '309', '0', '0', '-11581.7', '-1267.31', '77.4999', '1.58099', '25', '5', '0', '10000', '0', '0', '0'),
( '800021', '309', '0', '0', '-11585.2', '-1272.98', '77.4962', '3.78796', '25', '5', '0', '10000', '0', '0', '0'),
( '800022', '309', '0', '0', '-11581.4', '-1273.32', '77.4962', '4.62834', '25', '5', '0', '10000', '0', '0', '0'),
( '800020', '309', '0', '0', '-11780.4', '-1697.75', '52.9082', '1.57313', '25', '5', '0', '10000', '0', '0', '0'),
( '800021', '309', '0', '0', '-11784.2', '-1697.76', '52.9017', '1.57313', '25', '5', '0', '10000', '0', '0', '0'),
( '800022', '309', '0', '0', '-11789.7', '-1697.77', '52.9031', '1.57313', '25', '5', '0', '10000', '0', '0', '0'),
( '800020', '1', '0', '0', '-4747.45', '-3760.04', '51.0216', '1.78285', '25', '5', '0', '10000', '0', '0', '0'),
( '800021', '1', '0', '0', '-4743.72', '-3759.22', '51.7491', '1.78678', '25', '5', '0', '10000', '0', '0', '0'),
( '800022', '1', '0', '0', '-4739.91', '-3758.05', '52.7994', '1.78678', '25', '5', '0', '10000', '0', '0', '0'),
( '800020', '249', '0', '0', '-110.499', '-209.972', '-74.6613', '0.0364616', '25', '5', '0', '10000', '0', '0', '0'),
( '800021', '249', '0', '0', '-112.735', '-209.159', '-73.567', '4.52109', '25', '5', '0', '10000', '0', '0', '0'),
( '800022', '249', '0', '0', '-114.865', '-208.746', '-72.8033', '4.52109', '25', '5', '0', '10000', '0', '0', '0'),
( '800020', '509', '0', '0', '-8521.2', '1546.43', '32.039', '5.69803', '25', '5', '0', '10000', '0', '0', '0'),
( '800021', '509', '0', '0', '-8518.8', '1550.09', '32.9412', '5.70196', '25', '5', '0', '10000', '0', '0', '0'),
( '800022', '509', '0', '0', '-8515.7', '1554.81', '33.2897', '5.70196', '25', '5', '0', '10000', '0', '0', '0'),
( '800020', '509', '0', '0', '-8745.84', '1635.14', '24.3198', '4.0055', '25', '5', '0', '10000', '0', '0', '0'),
( '800021', '509', '0', '0', '-8742.73', '1632.92', '23.9535', '4.09189', '25', '5', '0', '10000', '0', '0', '0'),
( '800022', '509', '0', '0', '-8740.09', '1631.03', '23.6816', '4.09189', '25', '5', '0', '10000', '0', '0', '0'),
( '800020', '509', '0', '0', '-9295.79', '1247.94', '-57.0736', '0.844262', '25', '5', '0', '10000', '0', '0', '0'),
( '800021', '509', '0', '0', '-9298.23', '1250.1', '-57.9214', '0.844262', '25', '5', '0', '10000', '0', '0', '0'),
( '800022', '509', '0', '0', '-9301.08', '1252.64', '-58.8825', '0.844262', '25', '5', '0', '10000', '0', '0', '0'),
( '800020', '509', '0', '0', '-9650.26', '1579.46', '22.2219', '3.96229', '25', '5', '0', '10000', '0', '0', '0'),
( '800021', '509', '0', '0', '-9646.61', '1580.53', '22.7306', '5.0697', '25', '5', '0', '10000', '0', '0', '0'),
( '800022', '509', '0', '0', '-9641.7', '1582.91', '22.8395', '5.16395', '25', '5', '0', '10000', '0', '0', '0'),
( '800020', '509', '0', '0', '-9390.68', '1954.69', '85.5564', '1.96738', '25', '5', '0', '10000', '0', '0', '0'),
( '800021', '509', '0', '0', '-9386.65', '1953', '85.5564', '5.88652', '25', '5', '0', '10000', '0', '0', '0'),
( '800022', '509', '0', '0', '-9388.54', '1948.48', '85.556', '5.88652', '25', '5', '0', '10000', '0', '0', '0'),
( '800020', '509', '0', '0', '-8890.26', '2173.26', '22.7508', '2.1598', '25', '5', '0', '10000', '0', '0', '0'),
( '800021', '509', '0', '0', '-8887.4', '2174.89', '22.7494', '2.08912', '25', '5', '0', '10000', '0', '0', '0'),
( '800022', '509', '0', '0', '-8884.09', '2176.78', '22.7478', '2.08912', '25', '5', '0', '10000', '0', '0', '0'),
( '800020', '531', '0', '0', '-8209.58', '2006.8', '130.319', '2.50926', '25', '5', '0', '10000', '0', '0', '0'),
( '800021', '531', '0', '0', '-8206.69', '2010.75', '130.001', '2.50926', '25', '5', '0', '10000', '0', '0', '0'),
( '800022', '531', '0', '0', '-8204.1', '2014.28', '129.557', '2.50926', '25', '5', '0', '10000', '0', '0', '0'),
( '800020', '531', '0', '0', '-8557.56', '1993.65', '24.5562', '3.53813', '25', '5', '0', '10000', '0', '0', '0'),
( '800021', '531', '0', '0', '-8555', '1990.77', '22.919', '0.683208', '25', '5', '0', '10000', '0', '0', '0'),
( '800022', '531', '0', '0', '-8552.76', '1987.68', '21.3098', '0.62823', '25', '5', '0', '10000', '0', '0', '0'),
( '800020', '531', '0', '0', '-8335.66', '1722.98', '-13.2599', '4.7987', '25', '5', '0', '10000', '0', '0', '0'),
( '800021', '531', '0', '0', '-8336.63', '1728.35', '-11.0725', '6.18101', '25', '5', '0', '10000', '0', '0', '0'),
( '800022', '531', '0', '0', '-8336.07', '1733.21', '-9.4427', '6.16922', '25', '5', '0', '10000', '0', '0', '0'),
( '800020', '531', '0', '0', '-8032.2', '1248.47', '-83.1737', '3.60884', '25', '5', '0', '10000', '0', '0', '0'),
( '800021', '531', '0', '0', '-8028.29', '1252.94', '-82.1689', '5.33279', '25', '5', '0', '10000', '0', '0', '0'),
( '800022', '531', '0', '0', '-8025.3', '1255.31', '-81.7043', '5.37991', '25', '5', '0', '10000', '0', '0', '0'),
( '800020', '531', '0', '0', '-7994.36', '1019.34', '-27.3052', '4.59452', '25', '5', '0', '10000', '0', '0', '0'),
( '800021', '531', '0', '0', '-7987.41', '1022.83', '-25.7843', '2.92947', '25', '5', '0', '10000', '0', '0', '0'),
( '800022', '531', '0', '0', '-7997.61', '1024.61', '-26.6999', '6.18102', '25', '5', '0', '10000', '0', '0', '0'),
( '800020', '531', '0', '0', '-8596.92', '1598.49', '-86.1356', '1.37438', '25', '5', '0', '10000', '0', '0', '0'),
( '800021', '531', '0', '0', '-8591.24', '1587.42', '-82.5053', '3.31432', '25', '5', '0', '10000', '0', '0', '0'),
( '800022', '531', '0', '0', '-8590.58', '1583.66', '-81.1416', '3.31432', '25', '5', '0', '10000', '0', '0', '0'),
( '800020', '531', '0', '0', '-8964.34', '1338.94', '-104.254', '4.83013', '25', '5', '0', '10000', '0', '0', '0'),
( '800021', '531', '0', '0', '-8969.76', '1338.29', '-104.254', '4.83013', '25', '5', '0', '10000', '0', '0', '0'),
( '800022', '531', '0', '0', '-8975.74', '1337.59', '-104.254', '4.83013', '25', '5', '0', '10000', '0', '0', '0'),
( '800020', '531', '0', '0', '-9066.19', '1996.73', '-48.9617', '2.1048', '25', '5', '0', '10000', '0', '0', '0'),
( '800021', '531', '0', '0', '-9063.64', '1993.89', '-50.7725', '3.92299', '25', '5', '0', '10000', '0', '0', '0'),
( '800022', '531', '0', '0', '-9061.33', '1991.56', '-51.5269', '3.92299', '25', '5', '0', '10000', '0', '0', '0'),
( '800020', '531', '0', '0', '-8663.17', '1950.03', '108.9', '0.742129', '25', '5', '0', '10000', '0', '0', '0'),
( '800021', '531', '0', '0', '-8660.64', '1943.35', '108.9', '3.52638', '25', '5', '0', '10000', '0', '0', '0'),
( '800022', '531', '0', '0', '-8659.64', '1940.81', '108.9', '3.52638', '25', '5', '0', '10000', '0', '0', '0'),
( '800023', '1', '0', '0', '1332.8', '-4424.63', '26.6649', '3.38738', '25', '5', '0', '10000000', '0', '0', '0'),
( '800023', '1', '0', '0', '1331.61', '-4419.87', '26.724', '3.38738', '25', '5', '0', '10000000', '0', '0', '0'),
( '800023', '1', '0', '0', '1330.28', '-4414.57', '26.8476', '3.38738', '25', '5', '0', '10000000', '0', '0', '0'),
( '800023', '1', '0', '0', '1328.98', '-4409.38', '27.0218', '3.38738', '25', '5', '0', '10000000', '0', '0', '0'),
( '800024', '1', '0', '0', '1335.86', '-4407.65', '27.3878', '3.38738', '25', '5', '0', '10000000', '0', '0', '0'),
( '800024', '1', '0', '0', '1337.22', '-4413.06', '27.1964', '3.38738', '25', '5', '0', '10000000', '0', '0', '0'),
( '800024', '1', '0', '0', '1338.6', '-4418.57', '27.0426', '3.38738', '25', '5', '0', '10000000', '0', '0', '0'),
( '800024', '1', '0', '0', '1339.77', '-4423.23', '26.925', '3.38738', '25', '5', '0', '10000000', '0', '0', '0'),
( '800025', '1', '0', '0', '1347.61', '-4421.26', '27.4921', '3.38738', '25', '5', '0', '10000000', '0', '0', '0'),
( '800025', '1', '0', '0', '1346.36', '-4416.28', '27.5823', '3.38738', '25', '5', '0', '10000000', '0', '0', '0'),
( '800025', '1', '0', '0', '1345', '-4410.88', '27.7669', '3.38738', '25', '5', '0', '10000000', '0', '0', '0'),
( '800025', '1', '0', '0', '1343.54', '-4405.06', '28.0475', '3.38738', '25', '5', '0', '10000000', '0', '0', '0'),
( '800026', '1', '0', '0', '1349.93', '-4404.17', '28.4668', '3.28528', '25', '5', '0', '10000000', '0', '0', '0'),
( '800026', '1', '0', '0', '1350.73', '-4409.68', '28.1435', '3.28528', '25', '5', '0', '10000000', '0', '0', '0'),
( '800026', '1', '0', '0', '1351.62', '-4415.84', '27.901', '3.28528', '25', '5', '0', '10000000', '0', '0', '0'),
( '800026', '1', '0', '0', '1352.3', '-4420.48', '27.7934', '3.28528', '25', '5', '0', '10000000', '0', '0', '0'),
( '800026', '1', '0', '0', '1327.92', '-4418.19', '26.7364', '3.40309', '25', '5', '0', '10000000', '0', '0', '0'),
( '800026', '0', '0', '0', '-9114.47', '399.362', '92.4931', '0.637302', '25', '5', '0', '10000000', '0', '0', '0'),
( '800023', '0', '0', '0', '-9115.5', '396.356', '92.3768', '0.637302', '25', '5', '0', '10000000', '0', '0', '0'),
( '800023', '0', '0', '0', '-9113.16', '393.194', '92.3626', '0.637302', '25', '5', '0', '10000000', '0', '0', '0'),
( '800023', '0', '0', '0', '-9117.97', '399.692', '92.4384', '0.637302', '25', '5', '0', '10000000', '0', '0', '0'),
( '800023', '0', '0', '0', '-9120.44', '403.023', '92.5824', '0.637302', '25', '5', '0', '10000000', '0', '0', '0'),
( '800024', '0', '0', '0', '-9124.19', '400.382', '92.3132', '0.637302', '25', '5', '0', '10000000', '0', '0', '0'),
( '800024', '0', '0', '0', '-9121.72', '397.046', '92.1831', '0.637302', '25', '5', '0', '10000000', '0', '0', '0'),
( '800024', '0', '0', '0', '-9119.38', '393.884', '92.102', '0.637302', '25', '5', '0', '10000000', '0', '0', '0'),
( '800024', '0', '0', '0', '-9116.72', '390.289', '92.0732', '0.637302', '25', '5', '0', '10000000', '0', '0', '0'),
( '800025', '0', '0', '0', '-9121.17', '387.119', '91.5855', '0.637302', '25', '5', '0', '10000000', '0', '0', '0'),
( '800025', '0', '0', '0', '-9123.63', '390.45', '91.6164', '0.637302', '25', '5', '0', '10000000', '0', '0', '0'),
( '800025', '0', '0', '0', '-9126.17', '393.87', '91.7005', '0.637302', '25', '5', '0', '10000000', '0', '0', '0'),
( '800025', '0', '0', '0', '-9128.64', '397.207', '91.9153', '0.637302', '25', '5', '0', '10000000', '0', '0', '0'),
( '800026', '0', '0', '0', '-9133.6', '393.535', '91.2953', '0.637302', '25', '5', '0', '10000000', '0', '0', '0'),
( '800026', '0', '0', '0', '-9130.93', '389.94', '91.0717', '0.637302', '25', '5', '0', '10000000', '0', '0', '0'),
( '800026', '0', '0', '0', '-9126.19', '383.538', '90.9099', '0.637302', '25', '5', '0', '10000000', '0', '0', '0'),
( '800026', '0', '0', '0', '-9128.66', '386.868', '90.9801', '0.637302', '25', '5', '0', '10000000', '0', '0', '0');

UPDATE item_template SET requiredhonorrank = 0;

INSERT INTO command VALUES
( 'premade', 4, 'Syntax: .premade <subcommand>' ),
( 'premade pre', 4, 'Info: Gibt dem Spieler pre Raid Gear' ),
( 'premade mc', 4, 'Info: Gibt dem Spieler Ausrüstung aus MC / Onyxia / ZG' ),
( 'premade bwl', 4, 'Info: Gibt dem Spieler Ausrüstung aus BWL' ),
( 'premade aq', 4, 'Info: Gibt dem Spieler Ausrüstung aus AQ' ),
( 'premade naxx', 4, 'Info: Gibt dem Spieler Ausrüstung aus Naxxramas' );


INSERT INTO npc_vendor (entry, item) VALUES
( 800021, 12811 ),
( 800021, 16203 ),
( 800021, 16204 ),
( 800021, 14344 ),
( 800021, 12808 ),
( 800021, 12803 ),
( 800021, 7078 ),
( 800021, 7080 ),
( 800021, 7082 ),
( 800021, 13926 ),
( 800021, 18512 ),
( 800021, 13468 ),
( 800021, 11754 ),
( 800021, 12809 ),
( 800021, 4625 ),
( 800021, 8831 ),
( 800021, 14343 ),
( 800021, 11177 ),
( 800021, 7909 ),
( 800021, 11175 );

INSERT INTO creature(guid, id, map, modelid, equipment_id, position_x, position_y, position_z, orientation, spawntimesecs, spawndist, currentwaypoint, curhealth, curmana, DeathState, MovementType) VALUES 
( 1105301, '90200', '1', '0', '508', '10331.43', '830.01', '1326.29', '2.87', '25', '5', '0', '7423', '7071', '0', '0'),
( 1105302, '90200', '1', '0', '508', '-604.37', '-4264.72', '38.95', '2.78', '25', '5', '0', '7423', '7071', '0', '0'),
( 1105303, '90200', '0', '0', '508', '-8931.71', '-123.14', '81.98', '3.89', '25', '5', '0', '7423', '7071', '0', '0'),
( 1105304, '90200', '0', '0', '508', '-6213.93', '330.77', '383.59', '2.92', '25', '5', '0', '7423', '7071', '0', '0'),
( 1105305, '90200', '0', '0', '508', '1664.72', '1668.28', '121.02', '1.52', '25', '5', '0', '7423', '7071', '0', '0')
( 1105306, '90200', '1', '0', '508', '-2915.33', '-248.27', '53.18', '5.36', '25', '5', '0', '7423', '7071', '0', '0');