#Benutzte Creature GUIDs: 349206-349250

#15072 Spike
UPDATE `creature_template` SET scale=0.5, modelid_1=9021, unit_flags=2 WHERE entry=15072;
#15071 Underfoot
UPDATE `creature_template` SET unit_flags=2 WHERE entry=15071;
#15065 Lady
UPDATE `creature_template` SET unit_flags=2 WHERE entry=15065;
#15066 Cleo
UPDATE `creature_template` SET unit_flags=2 WHERE entry=15066;


#15107 Arathipferd
#15108 Pferd der Verlassenen
#15045 Arathibauer
#15046 Bauer der Verlassenen
UPDATE `creature_template` SET unit_flags=33554434, flags_extra=2, MovementType=1 WHERE entry IN(15107, 15108, 15045, 15046);

#15062 Arathiholzfäller
#15089 Holzfäller der Verlassenen
UPDATE `creature_template` SET unit_flags=33554434, flags_extra=2, MovementType=2, equipment_id=2225 WHERE entry IN(15062, 15089);

#15063 Arathischmied
#15064 Schmied der Verlassenen
UPDATE `creature_template` SET unit_flags=33554434, flags_extra=2, MovementType=2, equipment_id=2222 WHERE entry IN(15063, 15064);

#15074 Arathiminenarbeiter
#15075 Minenarbeiter der Verlassenen
UPDATE `creature_template` SET unit_flags=33554434, flags_extra=2, MovementType=2, equipment_id=2223 WHERE entry IN(15074, 15075);

#15086 Arathistallknecht
#15087 Stallknecht der Verlassenen
UPDATE `creature_template` SET unit_flags=33554434, flags_extra=2, MovementType=2, equipment_id=2224 WHERE entry IN(15086, 15087);

DELETE FROM `creature_equip_template` WHERE entry>=2222 AND entry<=2225;
INSERT INTO `creature_equip_template` VALUES (2222, 5956, 0, 0);
INSERT INTO `creature_equip_template` VALUES (2223, 2901, 0, 0);
INSERT INTO `creature_equip_template` VALUES (2224, 1485, 0, 0);
INSERT INTO `creature_equip_template` VALUES (2225, 768, 0, 0);

DELETE FROM `creature_movement_scripts` WHERE id IN(900, 901, 902);
INSERT INTO `creature_movement_scripts` VALUES ('900','0','25','0','0','0','0','0','0','0','0','0','0','0','0','0','Generic - SetRunModeOff');
INSERT INTO `creature_movement_scripts` VALUES ('901','0','25','1','0','0','0','0','0','0','0','0','0','0','0','0','Generic - SetRunModeOn');
INSERT INTO `creature_movement_scripts` VALUES ('902','0','14','24244','0','0','0','0','0','0','0','0','0','0','0','0','Generic - Remove Grow');

DELETE FROM `creature` WHERE guid>=349206 AND guid<=349250;
DELETE FROM `creature_movement` WHERE id>=349206 AND id<=349250;
DELETE FROM `creature_battleground` WHERE guid>=349206 AND guid<=349250;

INSERT INTO `creature_movement` VALUES('349250','2','1221.28','814.458','-102.649','30000','0','0','0','0','0','0','233','0','0','2.01938','0','0'),
('349250','1','1199.59','804.348','-103.686','30000','0','0','0','0','0','0','233','0','0','4.30096','0','0'),
('349249','3','1209.63','802.686','-102.928','50000','0','0','0','0','0','0','233','0','0','4.8256','0','0'),
('349249','2','1195.92','808.08','-103.541','0','0','0','0','0','0','0','0','0','0','5.80106','0','0'),
('349249','1','1182.42','818.362','-100.647','1000','0','0','0','0','0','0','0','0','0','2.50868','0','0'),
('349248','3','1179.19','843.238','-104.233','15000','0','0','0','0','0','0','69','0','0','0.914313','0','0'),
('349248','2','1177.19','838.893','-104.055','0','0','0','0','0','0','0','0','0','0','1.00935','0','0'),
('349248','1','1182.29','833.201','-102.646','45000','0','0','0','0','0','0','233','0','0','5.57251','0','0'),
('349247','5','822.602','1203.05','11.854','60000','0','0','0','0','0','0','234','0','0','3.19289','0','0'),
('349247','4','847.798','1199.83','12.7065','0','0','0','0','0','0','0','0','0','0','3.07351','0','0'),
('349247','3','859.272','1213','13.6556','60000','0','0','0','0','0','0','234','0','0','1.67943','0','0'),
('349247','2','850.595','1180.74','10.1252','0','0','0','0','0','0','0','0','0','0','5.51689','0','0'),
('349247','1','817.511','1213.23','11.8572','0','0','0','0','0','0','0','0','0','0','5.63785','0','0'),
('349246','12','807.028','1214.54','12.0483','0','0','0','0','0','0','0','0','0','0','6.2227','0','0'),
('349246','11','784.669','1190.73','13.373','0','0','0','0','0','0','0','0','0','0','0.884349','0','0'),
('349246','10','775.776','1166.03','14.9907','105000','0','0','0','0','0','0','234','0','0','3.13138','0','0'),
('349246','9','814.818','1158.41','11.5292','0','0','0','0','0','0','0','0','0','0','4.17046','0','0'),
('349246','8','815.304','1168.15','11.5292','0','0','0','0','0','0','0','0','0','0','5.16477','0','0'),
('349246','7','804.554','1179.82','11.9226','0','0','0','0','0','0','0','0','0','0','5.15849','0','0'),
('349246','6','809.998','1184.27','11.9226','0','0','0','0','0','0','0','0','0','0','3.23898','0','0'),
('349246','5','830.436','1167.41','13.3447','0','0','0','0','0','0','0','0','0','0','2.42609','0','0'),
('349246','4','837.103','1161.64','11.3219','0','0','0','0','0','0','0','0','0','0','2.51248','0','0'),
('349246','3','851.152','1176.43','10.0773','0','0','0','0','0','0','0','0','0','0','4.15161','0','0'),
('349246','2','852.944','1183.18','10.0812','0','0','0','0','0','0','0','0','0','0','5.51689','0','0'),
('349246','1','819.461','1215.48','11.8572','0','0','0','0','0','0','0','0','0','0','5.58287','0','0'),
('349245','8','808.048','1213.8','11.9482','0','0','0','0','0','0','0','0','0','0','6.185','0','0'),
('349245','7','781.357','1184.98','13.3304','0','0','0','0','0','0','0','0','0','0','0.893777','0','0'),
('349245','6','775.849','1162.83','15.4576','60000','0','0','0','0','0','0','234','0','0','3.23217','0','0'),
('349245','5','813.156','1160.21','11.5272','50000','0','0','0','0','0','0','234','0','0','2.413','0','0'),
('349245','4','827.629','1145.6','10.7509','0','0','0','0','0','0','0','0','0','0','2.45227','0','0'),
('349245','3','852.349','1175.6','10.0707','0','0','0','0','0','0','0','0','0','0','4.05448','0','0'),
('349245','2','849.957','1183.31','10.532','0','0','0','0','0','0','0','0','0','0','5.51689','0','0'),
('349245','1','817.156','1215.58','11.8572','0','0','0','0','0','0','0','0','0','0','5.58287','0','0'),
('349234','6','998.501','1008.21','-42.6152','10000','0','0','0','0','0','0','69','0','0','1.81583','0','0'),
('349234','5','996.619','1008.54','-42.6309','30000','0','0','0','0','0','0','233','0','0','1.38465','0','0'),
('349234','4','990.468','1013.77','-42.6051','0','0','0','0','0','0','0','0','0','0','5.56297','0','0'),
('349234','3','988.558','1016.33','-42.6032','15000','0','0','0','0','0','0','69','0','0','0.732774','0','0'),
('349234','2','989.83','1014.27','-42.6032','0','0','0','0','0','0','0','0','0','0','2.47243','0','0'),
('349234','1','991.76','1014.48','-42.6046','30000','0','0','0','0','0','0','233','0','0','0.031413','0','0'),
('349240','9','1167.12','1180.02','-56.4665','0','0','0','0','0','0','0','0','0','0','3.98744','0','0'),
('349240','8','1167.4','1186.24','-56.3633','0','0','0','0','0','0','0','0','0','0','4.48774','0','0'),
('349240','7','1175.23','1188','-56.3633','15000','0','0','0','0','0','0','69','0','0','4.84509','0','0'),
('349240','6','1179.5','1190.97','-56.3647','0','0','0','0','0','0','0','0','0','0','2.40251','0','0'),
('349240','5','1186.28','1184.82','-56.3632','0','0','0','0','0','0','0','0','0','0','0.867078','0','0'),
('349240','4','1176.08','1172.24','-56.3632','0','0','0','0','0','0','0','0','0','0','0.843517','0','0'),
('349240','3','1179.22','1159.46','-56.3986','18500','0','0','0','0','0','0','0','0','0','5.52371','0','0'),
('349240','2','1159.86','1176.97','-56.3575','10000','0','0','0','0','0','0','0','0','0','1.75379','0','0'),
('349240','1','1158.18','1173.36','-56.3632','15000','0','0','0','0','0','0','0','0','0','3.3992','0','0'),
('349233','27','1007.85','971.74','-43.8676','0','902','0','0','0','0','0','0','0','0','0.654094','0','0'),
('349233','26','993.757','960.766','-43.2819','0','0','0','0','0','0','0','0','0','0','0.38156','0','0'),
('349233','25','986.08','958.885','-45.721','0','0','0','0','0','0','0','0','0','0','0.196206','0','0'),
('349233','24','973.356','954.275','-45.1082','0','0','0','0','0','0','0','0','0','0','0.344647','0','0'),
('349233','23','956.508','958.685','-45.7358','0','0','0','0','0','0','0','0','0','0','5.64766','0','0'),
('349233','22','946.582','975.281','-47.9852','0','0','0','0','0','0','0','0','0','0','4.76801','0','0'),
('349233','21','950.226','994.112','-49.6953','0','0','0','0','0','0','0','0','0','0','4.22216','0','0'),
('349233','20','966.646','1017.16','-45.5682','0','0','0','0','0','0','0','0','0','0','3.81454','0','0'),
('349233','19','979.625','1027.51','-43.9174','0','0','0','0','0','0','0','0','0','0','3.7949','0','0'),
('349233','18','995.247','1031.21','-43.4886','0','0','0','0','0','0','0','0','0','0','2.66393','0','0'),
('349233','17','1011.74','1020.73','-43.8148','0','0','0','0','0','0','0','0','0','0','1.74894','0','0'),
('349233','16','1014.51','1002.31','-44.4861','0','0','0','0','0','0','0','0','0','0','4.42715','0','0'),
('349233','15','1015.55','1022.23','-44.3649','0','0','0','0','0','0','0','0','0','0','5.57619','0','0'),
('349233','14','995.576','1032.5','-43.1217','0','0','0','0','0','0','0','0','0','0','6.13382','0','0'),
('349233','13','979.348','1029.26','-44.0235','0','0','0','0','0','0','0','0','0','0','0.859868','0','0'),
('349233','12','966.634','1018.14','-45.4407','0','0','0','0','0','0','0','0','0','0','1.32718','0','0'),
('349233','11','961.443','999.796','-45.3363','0','0','0','0','0','0','0','0','0','0','1.229','0','0'),
('349233','10','962.835','969.012','-43.6185','0','0','0','0','0','0','0','0','0','0','2.70948','0','0'),
('349233','9','986.08','958.442','-45.805','0','0','0','0','0','0','0','0','0','0','3.54986','0','0'),
('349233','8','1010.19','971.189','-43.8855','0','0','0','0','0','0','0','0','0','0','4.13105','0','0'),
('349233','7','1019.91','994.308','-43.8755','0','0','0','0','0','0','0','0','0','0','4.69261','0','0'),
('349233','6','1013.6','1005.75','-44.254','0','901','0','0','0','0','0','0','0','0','4.7468','0','0'),
('349233','5','1013.14','986.412','-43.8167','3000','0','0','0','0','0','0','0','0','0','2.23903','0','0'),
('349233','4','1027.2','978.413','-43.2419','2500','0','0','0','0','0','0','0','0','0','1.88953','0','0'),
('349233','3','1023.62','972.092','-43.4898','2500','0','0','0','0','0','0','0','0','0','2.22411','0','0'),
('349233','2','1030.07','973.561','-43.3567','2000','0','0','0','0','0','0','0','0','0','1.87853','0','0'),
('349233','1','1032.86','967.739','-43.5518','0','900','0','0','0','0','0','0','0','0','2.10113','0','0'),
('349232','25','1013.45','1005.19','-44.2902','0','0','0','0','0','0','0','0','0','0','2.52256','0','0'),
('349232','24','1013.17','988.269','-43.852','0','0','0','0','0','0','0','0','0','0','1.29734','0','0'),
('349232','23','1007.88','973.113','-43.9288','0','0','0','0','0','0','0','0','0','0','0.798607','0','0'),
('349232','22','993.735','961.202','-43.3128','0','0','0','0','0','0','0','0','0','0','0.295166','0','0'),
('349232','21','973.314','954.221','-45.1163','0','0','0','0','0','0','0','0','0','0','6.03486','0','0'),
('349232','20','956.821','958.813','-45.6811','0','0','0','0','0','0','0','0','0','0','5.68928','0','0'),
('349232','19','946.984','975.272','-47.8564','0','0','0','0','0','0','0','0','0','0','4.65098','0','0'),
('349232','18','950.319','994.034','-49.6829','0','0','0','0','0','0','0','0','0','0','4.33447','0','0'),
('349232','17','968.069','1015.67','-45.6572','0','0','0','0','0','0','0','0','0','0','3.86009','0','0'),
('349232','16','980.802','1026.78','-43.722','0','0','0','0','0','0','0','0','0','0','3.73835','0','0'),
('349232','15','995.477','1030.9','-43.5875','0','0','0','0','0','0','0','0','0','0','2.79194','0','0'),
('349232','14','1012.23','1020.67','-43.7943','0','0','0','0','0','0','0','0','0','0','2.30814','0','0'),
('349232','13','1013.87','1005.7','-44.2527','2000','0','0','0','0','0','0','0','0','0','3.07281','0','0'),
('349232','12','1015.73','1021.79','-44.4168','0','0','0','0','0','0','0','0','0','0','5.43686','0','0'),
('349232','11','995.689','1032.01','-43.2691','0','0','0','0','0','0','0','0','0','0','0.110295','0','0'),
('349232','10','979.15','1028.56','-44.0205','0','0','0','0','0','0','0','0','0','0','0.626302','0','0'),
('349232','9','966.573','1017.63','-45.5089','0','0','0','0','0','0','0','0','0','0','0.774742','0','0'),
('349232','8','961.563','999.113','-45.1908','0','0','0','0','0','0','0','0','0','0','0.993869','0','0'),
('349232','7','962.873','968.786','-43.6065','0','0','0','0','0','0','0','0','0','0','1.98583','0','0'),
('349232','6','986.463','958.223','-45.8038','0','0','0','0','0','0','0','0','0','0','1.6536','0','0'),
('349232','5','1010.05','970.433','-43.847','0','0','0','0','0','0','0','0','0','0','3.76476','0','0'),
('349232','4','1020.23','994.667','-43.9572','0','0','0','0','0','0','0','0','0','0','4.4402','0','0'),
('349232','2','1008.91','1005.81','-44.1178','34000','901','0','0','0','0','0','0','0','0','6.24915','0','0'),
('349232','1','1008.88','1005.81','-44.1156','0','900','0','0','0','0','0','0','0','0','6.26879','0','0'),
('349231','7','968.971','999.855','-44.0227','40000','0','0','0','0','0','0','233','0','0','2.65481','0','0'),
('349231','6','973.73','1004.57','-44.1787','0','0','0','0','0','0','0','0','0','0','4.06775','0','0'),
('349231','5','969.035','1012.96','-45.4781','0','0','0','0','0','0','0','0','0','0','5.33223','0','0'),
('349231','4','978.906','1020.06','-44.1823','0','0','0','0','0','0','0','0','0','0','2.33437','0','0'),
('349231','3','985.188','1014.01','-42.6044','0','0','0','0','0','0','0','0','0','0','2.3884','0','0'),
('349231','2','983.061','1010.41','-42.6041','15000','0','0','0','0','0','0','69','0','0','3.12745','0','0'),
('349231','1','991.927','1003.33','-42.6041','20000','0','0','0','0','0','0','69','0','0','4.99591','0','0'),
('349230','2','1221.28','814.458','-102.649','30000','0','0','0','0','0','0','233','0','0','2.01938','0','0'),
('349230','1','1199.59','804.348','-103.686','30000','0','0','0','0','0','0','233','0','0','4.30096','0','0'),
('349229','3','1209.63','802.686','-102.928','50000','0','0','0','0','0','0','233','0','0','4.8256','0','0'),
('349229','2','1195.92','808.08','-103.541','0','0','0','0','0','0','0','0','0','0','5.80106','0','0'),
('349229','1','1182.42','818.362','-100.647','1000','0','0','0','0','0','0','0','0','0','2.50868','0','0'),
('349228','3','1179.19','843.238','-104.233','15000','0','0','0','0','0','0','69','0','0','0.914313','0','0'),
('349228','2','1177.19','838.893','-104.055','0','0','0','0','0','0','0','0','0','0','1.00935','0','0'),
('349228','1','1182.29','833.201','-102.646','45000','0','0','0','0','0','0','233','0','0','5.57251','0','0'),
('349227','5','822.602','1203.05','11.854','60000','0','0','0','0','0','0','234','0','0','3.19289','0','0'),
('349227','4','847.798','1199.83','12.7065','0','0','0','0','0','0','0','0','0','0','3.07351','0','0'),
('349227','3','859.272','1213','13.6556','60000','0','0','0','0','0','0','234','0','0','1.67943','0','0'),
('349227','2','850.595','1180.74','10.1252','0','0','0','0','0','0','0','0','0','0','5.51689','0','0'),
('349227','1','817.511','1213.23','11.8572','0','0','0','0','0','0','0','0','0','0','5.63785','0','0'),
('349226','12','807.028','1214.54','12.0483','0','0','0','0','0','0','0','0','0','0','6.2227','0','0'),
('349226','11','784.669','1190.73','13.373','0','0','0','0','0','0','0','0','0','0','0.884349','0','0'),
('349226','10','775.776','1166.03','14.9907','105000','0','0','0','0','0','0','234','0','0','3.13138','0','0'),
('349226','9','814.818','1158.41','11.5292','0','0','0','0','0','0','0','0','0','0','4.17046','0','0'),
('349226','8','815.304','1168.15','11.5292','0','0','0','0','0','0','0','0','0','0','5.16477','0','0'),
('349226','7','804.554','1179.82','11.9226','0','0','0','0','0','0','0','0','0','0','5.15849','0','0'),
('349226','6','809.998','1184.27','11.9226','0','0','0','0','0','0','0','0','0','0','3.23898','0','0'),
('349226','5','830.436','1167.41','13.3447','0','0','0','0','0','0','0','0','0','0','2.42609','0','0'),
('349226','4','837.103','1161.64','11.3219','0','0','0','0','0','0','0','0','0','0','2.51248','0','0'),
('349226','3','851.152','1176.43','10.0773','0','0','0','0','0','0','0','0','0','0','4.15161','0','0'),
('349226','2','852.944','1183.18','10.0812','0','0','0','0','0','0','0','0','0','0','5.51689','0','0'),
('349226','1','819.461','1215.48','11.8572','0','0','0','0','0','0','0','0','0','0','5.58287','0','0'),
('349225','8','808.048','1213.8','11.9482','0','0','0','0','0','0','0','0','0','0','6.185','0','0'),
('349225','7','781.357','1184.98','13.3304','0','0','0','0','0','0','0','0','0','0','0.893777','0','0'),
('349225','6','775.849','1162.83','15.4576','60000','0','0','0','0','0','0','234','0','0','3.23217','0','0'),
('349225','5','813.156','1160.21','11.5272','50000','0','0','0','0','0','0','234','0','0','2.413','0','0'),
('349225','4','827.629','1145.6','10.7509','0','0','0','0','0','0','0','0','0','0','2.45227','0','0'),
('349225','3','852.349','1175.6','10.0707','0','0','0','0','0','0','0','0','0','0','4.05448','0','0'),
('349225','2','849.957','1183.31','10.532','0','0','0','0','0','0','0','0','0','0','5.51689','0','0'),
('349225','1','817.156','1215.58','11.8572','0','0','0','0','0','0','0','0','0','0','5.58287','0','0'),
('349214','6','998.501','1008.21','-42.6152','10000','0','0','0','0','0','0','69','0','0','1.81583','0','0'),
('349214','5','996.619','1008.54','-42.6309','30000','0','0','0','0','0','0','233','0','0','1.38465','0','0'),
('349214','4','990.468','1013.77','-42.6051','0','0','0','0','0','0','0','0','0','0','5.56297','0','0'),
('349214','3','988.558','1016.33','-42.6032','15000','0','0','0','0','0','0','69','0','0','0.732774','0','0'),
('349214','2','989.83','1014.27','-42.6032','0','0','0','0','0','0','0','0','0','0','2.47243','0','0'),
('349214','1','991.76','1014.48','-42.6046','30000','0','0','0','0','0','0','233','0','0','0.031413','0','0'),
('349220','9','1167.12','1180.02','-56.4665','0','0','0','0','0','0','0','0','0','0','3.98744','0','0'),
('349220','8','1167.4','1186.24','-56.3633','0','0','0','0','0','0','0','0','0','0','4.48774','0','0'),
('349220','7','1175.23','1188','-56.3633','15000','0','0','0','0','0','0','69','0','0','4.84509','0','0'),
('349220','6','1179.5','1190.97','-56.3647','0','0','0','0','0','0','0','0','0','0','2.40251','0','0'),
('349220','5','1186.28','1184.82','-56.3632','0','0','0','0','0','0','0','0','0','0','0.867078','0','0'),
('349220','4','1176.08','1172.24','-56.3632','0','0','0','0','0','0','0','0','0','0','0.843517','0','0'),
('349220','3','1179.22','1159.46','-56.3986','18500','0','0','0','0','0','0','0','0','0','5.52371','0','0'),
('349220','2','1159.86','1176.97','-56.3575','10000','0','0','0','0','0','0','0','0','0','1.75379','0','0'),
('349220','1','1158.18','1173.36','-56.3632','15000','0','0','0','0','0','0','0','0','0','3.3992','0','0'),
('349213','27','1007.85','971.74','-43.8676','0','902','0','0','0','0','0','0','0','0','0.654094','0','0'),
('349213','26','993.757','960.766','-43.2819','0','0','0','0','0','0','0','0','0','0','0.38156','0','0'),
('349213','25','986.08','958.885','-45.721','0','0','0','0','0','0','0','0','0','0','0.196206','0','0'),
('349213','24','973.356','954.275','-45.1082','0','0','0','0','0','0','0','0','0','0','0.344647','0','0'),
('349213','23','956.508','958.685','-45.7358','0','0','0','0','0','0','0','0','0','0','5.64766','0','0'),
('349213','22','946.582','975.281','-47.9852','0','0','0','0','0','0','0','0','0','0','4.76801','0','0'),
('349213','21','950.226','994.112','-49.6953','0','0','0','0','0','0','0','0','0','0','4.22216','0','0'),
('349213','20','966.646','1017.16','-45.5682','0','0','0','0','0','0','0','0','0','0','3.81454','0','0'),
('349213','19','979.625','1027.51','-43.9174','0','0','0','0','0','0','0','0','0','0','3.7949','0','0'),
('349213','18','995.247','1031.21','-43.4886','0','0','0','0','0','0','0','0','0','0','2.66393','0','0'),
('349213','17','1011.74','1020.73','-43.8148','0','0','0','0','0','0','0','0','0','0','1.74894','0','0'),
('349213','16','1014.51','1002.31','-44.4861','3000','0','0','0','0','0','0','0','24244','0','4.42715','0','0'),
('349213','15','1015.55','1022.23','-44.3649','0','0','0','0','0','0','0','0','0','0','5.57619','0','0'),
('349213','14','995.576','1032.5','-43.1217','0','0','0','0','0','0','0','0','0','0','6.13382','0','0'),
('349213','13','979.348','1029.26','-44.0235','0','0','0','0','0','0','0','0','0','0','0.859868','0','0'),
('349213','12','966.634','1018.14','-45.4407','0','0','0','0','0','0','0','0','0','0','1.32718','0','0'),
('349213','11','961.443','999.796','-45.3363','0','0','0','0','0','0','0','0','0','0','1.229','0','0'),
('349213','10','962.835','969.012','-43.6185','0','0','0','0','0','0','0','0','0','0','2.70948','0','0'),
('349213','9','986.08','958.442','-45.805','0','0','0','0','0','0','0','0','0','0','3.54986','0','0'),
('349213','8','1010.19','971.189','-43.8855','0','0','0','0','0','0','0','0','0','0','4.13105','0','0'),
('349213','7','1019.91','994.308','-43.8755','0','0','0','0','0','0','0','0','0','0','4.69261','0','0'),
('349213','6','1013.6','1005.75','-44.254','0','901','0','0','0','0','0','0','0','0','4.7468','0','0'),
('349213','5','1013.14','986.412','-43.8167','3000','0','0','0','0','0','0','0','0','0','2.23903','0','0'),
('349213','4','1027.2','978.413','-43.2419','2500','0','0','0','0','0','0','0','0','0','1.88953','0','0'),
('349213','3','1023.62','972.092','-43.4898','2500','0','0','0','0','0','0','0','0','0','2.22411','0','0'),
('349213','2','1030.07','973.561','-43.3567','2000','0','0','0','0','0','0','0','0','0','1.87853','0','0'),
('349213','1','1032.86','967.739','-43.5518','0','900','0','0','0','0','0','0','0','0','2.10113','0','0'),
('349212','25','1013.45','1005.19','-44.2902','0','0','0','0','0','0','0','0','0','0','2.52256','0','0'),
('349212','24','1013.17','988.269','-43.852','0','0','0','0','0','0','0','0','0','0','1.29734','0','0'),
('349212','23','1007.88','973.113','-43.9288','0','0','0','0','0','0','0','0','0','0','0.798607','0','0'),
('349212','22','993.735','961.202','-43.3128','0','0','0','0','0','0','0','0','0','0','0.295166','0','0'),
('349212','21','973.314','954.221','-45.1163','0','0','0','0','0','0','0','0','0','0','6.03486','0','0'),
('349212','20','956.821','958.813','-45.6811','0','0','0','0','0','0','0','0','0','0','5.68928','0','0'),
('349212','19','946.984','975.272','-47.8564','0','0','0','0','0','0','0','0','0','0','4.65098','0','0'),
('349212','18','950.319','994.034','-49.6829','0','0','0','0','0','0','0','0','0','0','4.33447','0','0'),
('349212','17','968.069','1015.67','-45.6572','0','0','0','0','0','0','0','0','0','0','3.86009','0','0'),
('349212','16','980.802','1026.78','-43.722','0','0','0','0','0','0','0','0','0','0','3.73835','0','0'),
('349212','15','995.477','1030.9','-43.5875','0','0','0','0','0','0','0','0','0','0','2.79194','0','0'),
('349212','14','1012.23','1020.67','-43.7943','0','0','0','0','0','0','0','0','0','0','2.30814','0','0'),
('349212','13','1013.87','1005.7','-44.2527','1000','0','0','0','0','0','0','0','0','0','3.07281','0','0'),
('349212','12','1015.73','1021.79','-44.4168','0','0','0','0','0','0','0','0','0','0','5.43686','0','0'),
('349212','11','995.689','1032.01','-43.2691','0','0','0','0','0','0','0','0','0','0','0.110295','0','0'),
('349212','10','979.15','1028.56','-44.0205','0','0','0','0','0','0','0','0','0','0','0.626302','0','0'),
('349212','9','966.573','1017.63','-45.5089','0','0','0','0','0','0','0','0','0','0','0.774742','0','0'),
('349212','8','961.563','999.113','-45.1908','0','0','0','0','0','0','0','0','0','0','0.993869','0','0'),
('349212','7','962.873','968.786','-43.6065','0','0','0','0','0','0','0','0','0','0','1.98583','0','0'),
('349212','6','986.463','958.223','-45.8038','0','0','0','0','0','0','0','0','0','0','1.6536','0','0'),
('349212','5','1010.05','970.433','-43.847','0','0','0','0','0','0','0','0','0','0','3.76476','0','0'),
('349212','4','1020.23','994.667','-43.9572','0','0','0','0','0','0','0','0','0','0','4.4402','0','0'),
('349212','2','1008.91','1005.81','-44.1178','34000','901','0','0','0','0','0','0','0','0','6.24915','0','0'),
('349212','1','1008.88','1005.81','-44.1156','0','900','0','0','0','0','0','0','0','0','6.26879','0','0'),
('349211','7','968.971','999.855','-44.0227','40000','0','0','0','0','0','0','233','0','0','2.65481','0','0'),
('349211','6','973.73','1004.57','-44.1787','0','0','0','0','0','0','0','0','0','0','4.06775','0','0'),
('349211','5','969.035','1012.96','-45.4781','0','0','0','0','0','0','0','0','0','0','5.33223','0','0'),
('349211','4','978.906','1020.06','-44.1823','0','0','0','0','0','0','0','0','0','0','2.33437','0','0'),
('349211','3','985.188','1014.01','-42.6044','0','0','0','0','0','0','0','0','0','0','2.3884','0','0'),
('349211','2','983.061','1010.41','-42.6041','15000','0','0','0','0','0','0','69','0','0','3.12745','0','0'),
('349211','1','991.927','1003.33','-42.6041','20000','0','0','0','0','0','0','69','0','0','4.99591','0','0');

INSERT INTO `creature` VALUES('349250','15074','529','0','2223','1199.59','804.348','-103.686','4.30096','25','5','0','64','0','0','2'),
('349249','15074','529','0','2223','1167.4','829.761','-103.159','5.68483','25','5','0','64','0','0','2'),
('349248','15074','529','0','2223','1176.47','838.105','-104.025','5.65498','25','5','0','64','0','0','2'),
('349247','15045','529','0','2225','817.511','1213.23','11.8572','5.52396','25','5','0','64','0','0','2'),
('349246','15045','529','0','2225','819.301','1215.59','11.8572','5.52396','25','5','0','64','0','0','2'),
('349245','15045','529','0','2225','817.063','1215.77','11.8572','5.52396','25','5','0','64','0','0','2'),
('349244','15107','529','0','0','1189.72','1183.18','-56.3632','2.39024','25','5','0','64','0','0','0'),
('349243','15107','529','0','0','1187.6','1181.04','-56.363','2.37846','25','5','0','64','0','0','0'),
('349242','15107','529','0','0','1186.64','1190.34','-56.363','2.38525','25','5','0','64','0','0','0'),
('349241','15086','529','0','2224','1184.35','1197.58','-56.3627','1.97728','25','5','0','64','0','0','0'),
('349234','15063','529','0','2222','991.261','1014.52','-42.6031','0.19242','25','5','0','64','0','0','2'),
('349240','15086','529','0','2224','1159.06','1175.23','-56.3833','3.11411','25','5','0','64','0','0','2'),
('349239','15107','529','0','0','1177.68','1166.79','-56.4258','5.45381','25','5','0','64','0','0','1'),
('349238','15107','529','0','0','1155.27','1155.39','-56.4667','5.62581','25','5','0','64','0','0','1'),
('349237','15107','529','0','0','1157.71','1165.03','-56.3632','6.00672','25','5','0','64','0','0','1'),
('349236','15107','529','0','0','1162.48','1155.31','-56.6956','2.84943','25','5','0','64','0','0','1'),
('349235','15107','529','0','0','1174.88','1152.28','-56.4194','5.30851','25','5','0','64','0','0','1'),
('349233','15065','529','0','0','1033.27','966.693','-43.5802','1.893','25','0','0','64','0','0','2'),
('349232','15066','529','0','0','1008.88','1005.81','-44.1157','6.2413','25','0','0','64','0','0','2'),
('349231','15063','529','0','0','995.038','1003.52','-42.6035','4.593','25','5','0','64','0','0','2'),
('349230','15075','529','0','2223','1199.59','804.348','-103.686','4.30096','25','5','0','64','0','0','2'),
('349229','15075','529','0','2223','1167.4','829.761','-103.159','5.68483','25','5','0','64','0','0','2'),
('349228','15075','529','0','2223','1176.47','838.105','-104.025','5.65498','25','5','0','64','0','0','2'),
('349227','15089','529','0','2225','817.511','1213.23','11.8572','5.52396','25','5','0','64','0','0','2'),
('349226','15089','529','0','2225','819.301','1215.59','11.8572','5.52396','25','5','0','64','0','0','2'),
('349225','15089','529','0','2225','817.063','1215.77','11.8572','5.52396','25','5','0','64','0','0','2'),
('349224','15108','529','0','0','1189.72','1183.18','-56.3632','2.39024','25','5','0','64','0','0','0'),
('349223','15108','529','0','0','1187.6','1181.04','-56.363','2.37846','25','5','0','64','0','0','0'),
('349222','15108','529','0','0','1186.64','1190.34','-56.363','2.38525','25','5','0','64','0','0','0'),
('349221','15087','529','0','2224','1184.35','1197.58','-56.3627','1.97728','25','5','0','64','0','0','0'),
('349214','15064','529','0','2222','991.261','1014.52','-42.6031','0.19242','25','5','0','64','0','0','2'),
('349220','15087','529','0','2224','1159.06','1175.23','-56.3833','3.11411','25','5','0','64','0','0','2'),
('349219','15108','529','0','0','1177.68','1166.79','-56.4258','5.45381','25','5','0','64','0','0','1'),
('349218','15108','529','0','0','1155.27','1155.39','-56.4667','5.62581','25','5','0','64','0','0','1'),
('349217','15108','529','0','0','1157.71','1165.03','-56.3632','6.00672','25','5','0','64','0','0','1'),
('349216','15108','529','0','0','1162.48','1155.31','-56.6956','2.84943','25','5','0','64','0','0','1'),
('349215','15108','529','0','0','1174.88','1152.28','-56.4194','5.30851','25','5','0','64','0','0','1'),
('349213','15071','529','0','0','1033.27','966.693','-43.5802','1.893','25','0','0','64','0','0','2'),
('349212','15072','529','0','0','1008.88','1005.81','-44.1157','6.2413','25','0','0','64','0','0','2'),
('349211','15064','529','0','0','995.038','1003.52','-42.6035','4.593','25','5','0','64','0','0','2'),
('349210','15045','529','0','0','812.164','791.072','-57.8897','1.87003','25','5','0','64','0','0','1'),
('349209','15045','529','0','0','848.543','834.758','-57.8613','2.29414','25','5','0','64','0','0','1'),
('349208','15045','529','0','0','838.97','858.26','-57.8881','2.73397','25','5','0','64','0','0','1'),
('349207','15046','529','0','0','846.092','834.15','-57.9015','1.72394','25','5','0','64','0','0','1'),
('349206','15046','529','0','0','830.752','866.458','-57.9541','2.77638','25','5','0','64','0','0','1');

INSERT INTO `creature_battleground` VALUES(349206, 2, 4),
(349207, 2, 4),
(349208, 2, 3),
(349209, 2, 3),
(349210, 2, 3),
(349211, 1, 4),
(349212, 1, 4),
(349213, 1, 4),
(349214, 1, 4),
(349215, 0, 4),
(349216, 0, 4),
(349217, 0, 4),
(349218, 0, 4),
(349219, 0, 4),
(349220, 0, 4),
(349221, 0, 4),
(349222, 0, 4),
(349223, 0, 4),
(349224, 0, 4),
(349225, 3, 4),
(349226, 3, 4),
(349227, 3, 4),
(349228, 4, 4),
(349229, 4, 4),
(349230, 4, 4),
(349231, 1, 3),
(349232, 1, 3),
(349233, 1, 3),
(349234, 1, 3),
(349235, 0, 3),
(349236, 0, 3),
(349237, 0, 3),
(349238, 0, 3),
(349239, 0, 3),
(349240, 0, 3),
(349241, 0, 3),
(349242, 0, 3),
(349243, 0, 3),
(349244, 0, 3),
(349245, 3, 3),
(349246, 3, 3),
(349247, 3, 3),
(349248, 4, 3),
(349249, 4, 3),
(349250, 4, 3);