DELETE FROM `creature` WHERE guid>=349150 AND guid<=349205;
DELETE FROM `creature_movement` WHERE id>=349150 AND id<=349205;
DELETE FROM `creature_linking` WHERE guid>=349150 AND guid<=349205;
DELETE FROM `creature_formations` WHERE memberGUID>=349150 AND memberGUID<=349205;
DELETE FROM `game_event_creature` WHERE guid>=349150 AND guid<=349205;

INSERT INTO `creature_movement` VALUES ('349164','1','-6827.63','741.841','42.1521','0','0','0','0','0','0','0','0','0','0','5.30998','0','0');
INSERT INTO `creature_movement` VALUES ('349164','2','-6818.52','727.777','40.8947','0','0','0','0','0','0','0','0','0','0','5.25472','0','0');
INSERT INTO `creature_movement` VALUES ('349164','3','-6812.05','715.205','39.191','0','0','0','0','0','0','0','0','0','0','5.15262','0','0');
INSERT INTO `creature_movement` VALUES ('349164','4','-6809.3','706.803','36.9578','0','0','0','0','0','0','0','0','0','0','4.73479','0','0');
INSERT INTO `creature_movement` VALUES ('349164','5','-6806.61','685.367','29.2229','0','0','0','0','0','0','0','0','0','0','4.73086','0','0');
INSERT INTO `creature_movement` VALUES ('349164','6','-6807.83','651.906','16.6999','0','0','0','0','0','0','0','0','0','0','4.51173','0','0');
INSERT INTO `creature_movement` VALUES ('349164','7','-6810.82','591.681','1.74618','0','0','0','0','0','0','0','0','0','0','4.73165','0','0');
INSERT INTO `creature_movement` VALUES ('349164','8','-6797.39','651.197','17.8162','0','0','0','0','0','0','0','0','0','0','4.30753','0','0');
INSERT INTO `creature_movement` VALUES ('349164','9','-6799.54','686.223','30.1504','0','0','0','0','0','0','0','0','0','0','1.71572','0','0');
INSERT INTO `creature_movement` VALUES ('349164','10','-6803.54','705.172','36.7771','0','0','0','0','0','0','0','0','0','0','1.85316','0','0');
INSERT INTO `creature_movement` VALUES ('349164','11','-6810.14','720.943','39.6431','0','0','0','0','0','0','0','0','0','0','1.85866','0','0');
INSERT INTO `creature_movement` VALUES ('349164','12','-6822.51','739.508','42.1897','0','0','0','0','0','0','0','0','0','0','2.13276','0','0');
INSERT INTO `creature_movement` VALUES ('349164','13','-6833.17','769.385','43.5529','0','0','0','0','0','0','0','0','0','0','1.86259','0','0');
INSERT INTO `creature_movement` VALUES ('349164','14','-6846.25','797.052','42.5576','0','0','0','0','0','0','0','0','0','0','2.03852','0','0');
INSERT INTO `creature_movement` VALUES ('349164','15','-6867.17','841.872','39.3861','0','0','0','0','0','0','0','0','0','0','1.98511','0','0');
INSERT INTO `creature_movement` VALUES ('349164','16','-6882.78','878.586','33.6222','0','0','0','0','0','0','0','0','0','0','2.36446','0','0');
INSERT INTO `creature_movement` VALUES ('349164','17','-6896.73','888.25','30.5378','0','0','0','0','0','0','0','0','0','0','2.38566','0','0');
INSERT INTO `creature_movement` VALUES ('349164','18','-6881.48','858.576','36.0815','0','0','0','0','0','0','0','0','0','0','5.10785','0','0');
INSERT INTO `creature_movement` VALUES ('349164','19','-6866.42','827.326','40.5292','0','0','0','0','0','0','0','0','0','0','5.18718','0','0');
INSERT INTO `creature_movement` VALUES ('349164','20','-6852.23','799.815','42.3545','0','0','0','0','0','0','0','0','0','0','4.94449','0','0');
INSERT INTO `creature_movement` VALUES ('349164','21','-6839.01','771.343','43.4918','0','0','0','0','0','0','0','0','0','0','5.16362','0','0');
INSERT INTO `creature_movement` VALUES ('349150','1','-6846.1','866.675','40.3433','0','0','0','0','0','0','0','0','0','0','0.180338','0','0');
INSERT INTO `creature_movement` VALUES ('349150','2','-6828.42','868.255','39.9264','0','0','0','0','0','0','0','0','0','0','0.148138','0','0');
INSERT INTO `creature_movement` VALUES ('349150','3','-6809.68','873.324','36.7836','0','0','0','0','0','0','0','0','0','0','3.58818','0','0');
INSERT INTO `creature_movement` VALUES ('349150','4','-6822.8','865.892','39.5671','0','0','0','0','0','0','0','0','0','0','3.46566','0','0');
INSERT INTO `creature_movement` VALUES ('349150','5','-6838.97','863.348','39.7625','0','0','0','0','0','0','0','0','0','0','3.29523','0','0');

INSERT INTO `creature_movement` VALUES ('349202','1','-6827.75','749.007','42.6107','0','590103','0','0','0','0','0','0','0','0','2.04508','0','0'),
('349202','2','-6836.12','766.751','43.2814','0','0','0','0','0','0','0','0','0','0','1.99403','0','0'),
('349202','3','-6844.2','784.685','42.973','0','0','0','0','0','0','0','0','0','0','1.99403','0','0'),
('349202','4','-6855.86','810.554','42.8822','0','0','0','0','0','0','0','0','0','0','1.9269','0','0'),
('349202','5','-6873.66','854.77','37.1294','0','0','0','0','0','0','0','0','0','0','1.89077','0','0'),
('349202','6','-6883.5','875.782','33.8991','0','0','0','0','0','0','0','0','0','0','2.3196','0','0'),
('349202','7','-6921.89','911.241','23.488','0','0','0','0','0','0','0','0','0','0','2.50574','0','0'),
('349202','8','-6967.99','948.753','12.7002','0','0','0','0','0','0','0','0','0','0','2.4704','0','0'),
('349202','9','-6994.93','967.226','7.36692','0','0','0','0','0','0','0','0','0','0','2.61884','0','0'),
('349202','10','-6965.8','952.158','13.0618','0','0','0','0','0','0','0','0','0','0','5.68662','0','0'),
('349202','11','-6920.44','913.433','23.4829','0','0','0','0','0','0','0','0','0','0','5.50598','0','0'),
('349202','12','-6886.23','874.007','34.1426','0','0','0','0','0','0','0','0','0','0','5.14078','0','0'),
('349202','13','-6869.71','836.738','39.437','0','0','0','0','0','0','0','0','0','0','5.17926','0','0');

INSERT INTO `creature_movement` VALUES ('349203','1','-6827.75','749.007','42.6107','0','590103','0','0','0','0','0','0','0','0','2.04508','0','0'),
('349203','2','-6836.12','766.751','43.2814','0','0','0','0','0','0','0','0','0','0','1.99403','0','0'),
('349203','3','-6844.2','784.685','42.973','0','0','0','0','0','0','0','0','0','0','1.99403','0','0'),
('349203','4','-6855.86','810.554','42.8822','0','0','0','0','0','0','0','0','0','0','1.9269','0','0'),
('349203','5','-6873.66','854.77','37.1294','0','0','0','0','0','0','0','0','0','0','1.89077','0','0'),
('349203','6','-6883.5','875.782','33.8991','0','0','0','0','0','0','0','0','0','0','2.3196','0','0'),
('349203','7','-6921.89','911.241','23.488','0','0','0','0','0','0','0','0','0','0','2.50574','0','0'),
('349203','8','-6967.99','948.753','12.7002','0','0','0','0','0','0','0','0','0','0','2.4704','0','0'),
('349203','9','-6994.93','967.226','7.36692','0','0','0','0','0','0','0','0','0','0','2.61884','0','0'),
('349203','10','-6965.8','952.158','13.0618','0','0','0','0','0','0','0','0','0','0','5.68662','0','0'),
('349203','11','-6920.44','913.433','23.4829','0','0','0','0','0','0','0','0','0','0','5.50598','0','0'),
('349203','12','-6886.23','874.007','34.1426','0','0','0','0','0','0','0','0','0','0','5.14078','0','0'),
('349203','13','-6869.71','836.738','39.437','0','0','0','0','0','0','0','0','0','0','5.17926','0','0');

INSERT INTO `creature_movement` VALUES ('349204','1','-6827.75','749.007','42.6107','0','590103','0','0','0','0','0','0','0','0','2.04508','0','0'),
('349204','2','-6836.12','766.751','43.2814','0','0','0','0','0','0','0','0','0','0','1.99403','0','0'),
('349204','3','-6844.2','784.685','42.973','0','0','0','0','0','0','0','0','0','0','1.99403','0','0'),
('349204','4','-6855.86','810.554','42.8822','0','0','0','0','0','0','0','0','0','0','1.9269','0','0'),
('349204','5','-6873.66','854.77','37.1294','0','0','0','0','0','0','0','0','0','0','1.89077','0','0'),
('349204','6','-6883.5','875.782','33.8991','0','0','0','0','0','0','0','0','0','0','2.3196','0','0'),
('349204','7','-6921.89','911.241','23.488','0','0','0','0','0','0','0','0','0','0','2.50574','0','0'),
('349204','8','-6967.99','948.753','12.7002','0','0','0','0','0','0','0','0','0','0','2.4704','0','0'),
('349204','9','-6994.93','967.226','7.36692','0','0','0','0','0','0','0','0','0','0','2.61884','0','0'),
('349204','10','-6965.8','952.158','13.0618','0','0','0','0','0','0','0','0','0','0','5.68662','0','0'),
('349204','11','-6920.44','913.433','23.4829','0','0','0','0','0','0','0','0','0','0','5.50598','0','0'),
('349204','12','-6886.23','874.007','34.1426','0','0','0','0','0','0','0','0','0','0','5.14078','0','0'),
('349204','13','-6869.71','836.738','39.437','0','0','0','0','0','0','0','0','0','0','5.17926','0','0');

INSERT INTO `creature_movement` VALUES ('349205','1','-6827.75','749.007','42.6107','0','590103','0','0','0','0','0','0','0','0','2.04508','0','0'),
('349205','2','-6836.12','766.751','43.2814','0','0','0','0','0','0','0','0','0','0','1.99403','0','0'),
('349205','3','-6844.2','784.685','42.973','0','0','0','0','0','0','0','0','0','0','1.99403','0','0'),
('349205','4','-6855.86','810.554','42.8822','0','0','0','0','0','0','0','0','0','0','1.9269','0','0'),
('349205','5','-6873.66','854.77','37.1294','0','0','0','0','0','0','0','0','0','0','1.89077','0','0'),
('349205','6','-6883.5','875.782','33.8991','0','0','0','0','0','0','0','0','0','0','2.3196','0','0'),
('349205','7','-6921.89','911.241','23.488','0','0','0','0','0','0','0','0','0','0','2.50574','0','0'),
('349205','8','-6967.99','948.753','12.7002','0','0','0','0','0','0','0','0','0','0','2.4704','0','0'),
('349205','9','-6994.93','967.226','7.36692','0','0','0','0','0','0','0','0','0','0','2.61884','0','0'),
('349205','10','-6965.8','952.158','13.0618','0','0','0','0','0','0','0','0','0','0','5.68662','0','0'),
('349205','11','-6920.44','913.433','23.4829','0','0','0','0','0','0','0','0','0','0','5.50598','0','0'),
('349205','12','-6886.23','874.007','34.1426','0','0','0','0','0','0','0','0','0','0','5.14078','0','0'),
('349205','13','-6869.71','836.738','39.437','0','0','0','0','0','0','0','0','0','0','5.17926','0','0');

# Event 94
INSERT INTO `creature` VALUES ('349150','15857','1','0','0','-6859.74','865.822','37.4489','6.14308','25','0','0','4000','0','0','2');
INSERT INTO `creature` VALUES ('349151','15859','1','0','0','-6825.49','799.463','51.2499','0.550253','25','5','0','4000','0','0','0');
INSERT INTO `creature` VALUES ('349152','15859','1','0','0','-6771.46','766.624','90.9137','1.63646','25','5','0','4000','0','0','0');
INSERT INTO `creature` VALUES ('349153','15854','1','0','0','-6843.37','766.682','42.99','1.05763','25','5','0','9278','0','0','0');
INSERT INTO `creature` VALUES ('349154','15860','1','0','0','-6900.97','876.086','31.1187','3.77112','25','5','0','61050','2434','0','0');
INSERT INTO `creature` VALUES ('349155','15860','1','0','0','-6889.6','869.02','35.0383','3.50801','25','5','0','61050','2434','0','0');
INSERT INTO `creature` VALUES ('349156','15860','1','0','0','-6884.57','857.299','36.3074','3.27239','25','5','0','61050','2434','0','0');
INSERT INTO `creature` VALUES ('349157','15860','1','0','0','-6880.02','847.573','37.3602','3.42475','25','5','0','61050','2434','0','0');
INSERT INTO `creature` VALUES ('349158','15860','1','0','0','-6876.77','838.266','39.7348','3.3682','25','5','0','61050','2434','0','0');
INSERT INTO `creature` VALUES ('349159','15860','1','0','0','-6873.92','829.536','40.778','3.6156','25','5','0','61050','2434','0','0');
INSERT INTO `creature` VALUES ('349160','15860','1','0','0','-6869.04','821.397','41.0542','3.37684','25','5','0','61050','2434','0','0');
INSERT INTO `creature` VALUES ('349161','15860','1','0','0','-6864.27','814.183','42.5393','3.42318','25','5','0','61050','2434','0','0');
INSERT INTO `creature` VALUES ('349162','15860','1','0','0','-6860.93','806.976','42.8829','3.44674','25','5','0','61050','2434','0','0');
INSERT INTO `creature` VALUES ('349163','15860','1','0','0','-6858.63','800.468','42.8','3.34464','25','5','0','61050','2434','0','0');
INSERT INTO `creature` VALUES ('349164','15862','1','0','0','-6834.08','751.317','42.705','5.30997','25','0','0','4000','0','0','2');

# Event 95
INSERT INTO `creature` VALUES ('349165','14720','1','0','1907','-6781.88','818.684','55.7478','5.34277','25','5','0','5500','0','0','0'),
('349166','15870','1','0','0','-6778.9','810.779','55.7473','1.60506','25','5','0','10846','0','0','0'),
('349167','15866','1','0','0','-6774.68','814.159','55.7479','2.96389','25','5','0','45763','0','0','0'),
('349168','15868','1','0','0','-6783.76','813.149','55.747','0.305321','25','5','0','32344','0','0','0'),
('349169','15869','1','0','0','-6776.86','819.025','55.747','4.17733','25','5','0','15234','0','0','0'),
('349170','15853','1','0','0','-6963.85','938.225','14.4182','0.767897','25','5','0','9298','0','0','0'),
('349171','15853','1','0','0','-6964.09','932.539','14.0599','0.818948','25','5','0','9298','0','0','0'),
('349172','15853','1','0','0','-6956.68','933.366','15.9754','0.976024','25','5','0','9298','0','0','0'),
('349173','15853','1','0','0','-6954.65','926.919','16.2875','1.03571','25','5','0','9298','0','0','0'),
('349174','15853','1','0','0','-6949.32','927.412','17.8904','0.893763','25','5','0','9298','0','0','0'),
('349175','15853','1','0','0','-6946.84','920.911','17.7123','1.03121','25','5','0','9298','0','0','0'),
('349176','15853','1','0','0','-6940.61','919.393','20.4923','0.917322','25','5','0','9298','0','0','0'),
('349177','15853','1','0','0','-6938.51','913.107','21.0425','0.842709','25','5','0','9298','0','0','0'),
('349178','15853','1','0','0','-6933.85','912.095','23.059','0.764954','25','5','0','9298','0','0','0'),
('349179','15855','1','0','2220','-6974.41','934.449','12.5112','0.867835','25','5','0','14539','12170','0','0'),
('349180','15855','1','0','2220','-6967.81','931.255','12.9814','1.00528','25','5','0','14539','12170','0','0'),
('349181','15855','1','0','2220','-6960.77','927.582','13.9787','1.11524','25','5','0','14539','12170','0','0'),
('349182','15855','1','0','2220','-6952.15','921.769','15.8852','1.13094','25','5','0','14539','12170','0','0'),
('349183','15853','1','0','0','-6942.83','915.17','18.3921','1.1388','25','5','0','9298','0','0','0'),
('349184','15861','1','0','0','-6954.31','954.599','15.4041','4.00786','25','5','0','9298','0','0','0'),
('349185','15861','1','0','0','-6950.54','953.172','16.0414','4.09425','25','5','0','9298','0','0','0'),
('349186','15861','1','0','0','-6946.71','951.542','16.8335','4.29845','25','5','0','9298','0','0','0'),
('349187','15861','1','0','0','-6942.57','949.276','17.5218','4.1885','25','5','0','9298','0','0','0'),
('349188','15861','1','0','0','-6938.22','946.762','17.8529','4.1885','25','5','0','9298','0','0','0'),
('349189','15861','1','0','0','-6934.7','943.78','18.3137','4.13352','25','5','0','9298','0','0','0'),
('349190','15861','1','0','0','-6948.95','955.847','16.0241','4.21521','25','5','0','9298','0','0','0'),
('349191','15861','1','0','0','-6952.41','957.724','15.5614','4.21521','25','5','0','9298','0','0','0'),
('349192','15861','1','0','0','-6945.21','954.062','16.6397','4.21521','25','5','0','9298','0','0','0'),
('349193','15861','1','0','0','-6941.18','951.878','17.0618','4.21521','25','5','0','9298','0','0','0'),
('349194','15861','1','0','0','-6936.58','949.381','17.2959','4.11782','25','5','0','9298','0','0','0'),
('349195','15861','1','0','0','-6932.59','946.029','17.8163','3.89791','25','5','0','9298','0','0','0'),
('349196','15860','1','0','2217','-6881.84','906.523','31.0919','2.48419','25','5','0','61050','2434','0','0'),
('349197','15860','1','0','2217','-6874.62','909.743','31.8959','1.94226','25','5','0','61050','2434','0','0'),
('349198','15860','1','0','2217','-6865.34','911.248','34.4093','1.76084','25','5','0','61050','2434','0','0'),
('349199','15860','1','0','2217','-6855.3','911.892','34.4607','1.55271','25','5','0','61050','2434','0','0'),
('349200','15853','1','0','0','-6970.41','936.811','13.5567','0.948537','25','5','0','9298','0','0','0'),
('349201','15853','1','0','0','-6969.17','942.062','13.5814','0.834655','25','5','0','9298','0','0','0'),
('349202','15862','1','0','2219','-6823.28','740.289','42.2333','2.04508','25','0','0','14539','0','0','2'),
('349203','15862','1','0','2219','-6827.23','747.685','42.5472','2.04508','25','0','0','14539','0','0','2'),
('349204','15862','1','0','2219','-6825.88','745.001','42.3666','2.04508','25','0','0','14539','0','0','2'),
('349205','15862','1','0','2219','-6824.77','742.805','42.2989','2.04508','25','0','0','14539','0','0','2');

#Might of Kalimdor - 777
#Armies of C'Thun - 370
UPDATE `creature_template` SET modelid_2=15847, rank=1 WHERE entry=15862;
UPDATE `creature_template` SET equipment_id=908, faction_A=777, faction_H=777, modelid_2=15836 WHERE entry=15861;
UPDATE `creature_template` SET equipment_id=1373, faction_A=777, faction_H=777, modelid_2=15824, rank=1 WHERE entry=15853;
UPDATE `creature_template` SET equipment_id=2220, faction_A=777, faction_H=777, modelid_2=15828, AIName='EventAI' WHERE entry=15855;
UPDATE `creature_template` SET equipment_id=2218,speed_walk=0.75, faction_A=777, faction_H=777 WHERE entry=15857;
UPDATE `creature_template` SET equipment_id=2219,speed_walk=0.75, faction_A=777, faction_H=777 WHERE entry=15862;
UPDATE `creature_template` SET equipment_id=2217, AIName='EventAI', faction_A=777, faction_H=777, minrangedmg=335, maxrangedmg=484, rangedattackpower=189, minhealth=30525, maxhealth=30525 WHERE entry=15860;

DELETE FROM `creature_equip_template` WHERE entry>=2217 AND entry<=2221;
INSERT INTO `creature_equip_template` VALUES (2217, 3023, 0, 3023);
INSERT INTO `creature_equip_template` VALUES (2218, 18869, 0, 0);
INSERT INTO `creature_equip_template` VALUES (2219, 1722, 0, 0);
INSERT INTO `creature_equip_template` VALUES (2220, 21856, 0, 7729);
DELETE FROM `creature_template_addon` WHERE entry=15860;
INSERT INTO `creature_template_addon` VALUES (15860, 0, 0, 1, 16, 214, 0, NULL);

DELETE FROM `creature_template_addon` WHERE entry=15860;
INSERT INTO `creature_template_addon` VALUES (15860, 0, 0, 1, 16, 214, 0, NULL);
DELETE FROM `creature_template_addon` WHERE entry=15862;
INSERT INTO `creature_template_addon` VALUES (15862, 14577, 0, 1, 16, 0, 0, NULL);
DELETE FROM `creature_template_addon` WHERE entry=15854;
INSERT INTO `creature_template_addon` VALUES (15854, 14334, 0, 1, 16, 0, 0, NULL);
DELETE FROM `creature_template_addon` WHERE entry=15857;
INSERT INTO `creature_template_addon` VALUES (15857, 14338, 0, 1, 16, 0, 0, NULL);

DELETE FROM `creature_ai_scripts` WHERE creature_id=15860;
INSERT INTO `creature_ai_scripts` VALUES ('1586000','15860','9','0','100','1','0','30','1150','2500','11','22121','1','0','0','0','0','0','0','0','0','0','Kaldorei Marksman - Cast Shoot'),
('1586001','15860','1','0','100','0','0','0','0','0','21','0','0','0','20','0','0','0','0','0','0','0','Kaldorei Marksman - Prevent Combat Movement and Prevent Melee on Spawn'),
('1586002','15860','9','0','100','1','30','80','0','0','21','1','1','0','20','0','0','0','0','0','0','0','Kaldorei Marksman - Start Combat Movement at 30 Yards'),
('1586003','15860','9','0','100','1','11','25','0','0','21','0','1','0','20','0','0','0','0','0','0','0','Kaldorei Marksman - Prevent Combat Movement at 25 Yards');
DELETE FROM `creature_ai_scripts` WHERE creature_id=15855;
INSERT INTO `creature_ai_scripts` VALUES ('1585500','15855','9','0','100','1','5','30','1150','2500','11','22121','1','0','0','0','0','0','0','0','0','0','Tauren Rifleman - Cast Shoot'),
('1585501','15855','1','0','100','0','0','0','0','0','21','0','0','0','20','0','0','0','0','0','0','0','Tauren Rifleman - Prevent Combat Movement and Prevent Melee on Spawn'),
('1585502','15855','9','0','100','1','30','80','0','0','21','1','1','0','20','0','0','0','0','0','0','0','Tauren Rifleman - Start Combat Movement at 30 Yards'),
('1585503','15855','9','0','100','1','11','25','0','0','21','0','1','0','20','0','0','0','0','0','0','0','Tauren Rifleman - Prevent Combat Movement at 25 Yards'),
('1585504','15855','9','0','100','1','0','10','0','0','21','1','0','0','40','1','0','0','20','1','0','0','Tauren Rifleman - Cast Shoot');

DELETE FROM `creature_movement_scripts` WHERE id=590103;
INSERT INTO `creature_movement_scripts` (id, delay, command, datalong, comments) VALUES (590103, 0, 25, 1, 'Ironforge Cavalryman - SetRunModeOn');

INSERT INTO `game_event_creature` VALUES (349150, 94),
(349151, 94), (349152, 94), (349153, 94), (349154, 94),
(349155, 94), (349156, 94), (349157, 94), (349158, 94),
(349159, 94), (349160, 94), (349161, 94), (349162, 94),
(349163, 94), (349164, 94), (349165, 95), (349166, 95), 
(349167, 95), (349168, 95), (349169, 95), (349170, 95),
(349171, 95), (349172, 95), (349173, 95), (349174, 95),
(349175, 95), (349176, 95), (349177, 95), (349178, 95),
(349179, 95), (349180, 95), (349181, 95), (349182, 95),
(349183, 95), (349184, 95), (349185, 95), (349186, 95),
(349187, 95), (349188, 95), (349189, 95), (349190, 95),
(349191, 95), (349192, 95), (349193, 95), (349194, 95),
(349195, 95), (349196, 95), (349197, 95), (349198, 95),
(349199, 95), (349200, 95), (349201, 95), (349202, 95), 
(349203, 95), (349204, 95), (349205, 95);

#INSERT INTO `creature_linking` VALUES (349202, 349203, 3), (349204, 349203, 3), (349205, 349203, 3);
INSERT INTO `creature_formations` VALUES (349203, 349202, 5, 0, 2), (349203, 349204, 5, 0, 2), (349203, 349205, 5, 0, 2);

DELETE FROM `gameobject` WHERE guid=633339;
DELETE FROM `gameobject` WHERE guid=633340;
DELETE FROM `gameobject` WHERE guid=633341;
DELETE FROM `gameobject` WHERE guid=633342;
DELETE FROM `gameobject` WHERE guid=633348;
DELETE FROM `gameobject` WHERE guid=633349;
DELETE FROM `gameobject` WHERE guid=633350;
DELETE FROM `gameobject` WHERE guid=633351;

INSERT INTO `gameobject` VALUES ('633339','180744','1','-6983.17','915.796','10.205','1.99717','0','0','0.840705','0.541494','25','100','1');
INSERT INTO `gameobject` VALUES ('633340','180744','1','-6833.23','574.246','-1.47315','5.12778','0','0','0.546102','-0.837719','25','100','1');
INSERT INTO `gameobject` VALUES ('633341','180744','1','-6846.43','570.479','-1.42563','4.4979','0','0','0.778734','-0.627355','25','100','1');
INSERT INTO `gameobject` VALUES ('633342','180605','1','-6852.67','586.039','-1.48132','5.09793','0','0','0.558541','-0.829477','25','100','1');
INSERT INTO `gameobject` VALUES ('633348','180605','1','-6958.1','984.534','9.29361','2.20767','0','0','0.892939','0.450177','25','100','1');
INSERT INTO `gameobject` VALUES ('633349','180852','1','-6779.09','815.043','55.7481','3.49178','0','0','0.98471','-0.174202','25','100','1');
INSERT INTO `gameobject` VALUES ('633350','180605','1','-6927.64','956.77','14.8205','4.04006','0','0','0.90078','-0.434277','25','100','1'),
('633351','180605','1','-6938.69','962.966','14.3497','3.48007','0','0','0.985713','-0.168434','25','100','1');

DELETE FROM `game_event_gameobject` WHERE guid>=633339 AND guid<=633342;
DELETE FROM `game_event_gameobject` WHERE guid>=633348 AND guid<=633351;

INSERT INTO `game_event_gameobject` VALUES ('633339', '94');
INSERT INTO `game_event_gameobject` VALUES ('633340', '94');
INSERT INTO `game_event_gameobject` VALUES ('633341', '94');
INSERT INTO `game_event_gameobject` VALUES ('633342', '94');
INSERT INTO `game_event_gameobject` VALUES ('633348', '94');
INSERT INTO `game_event_gameobject` VALUES ('633349', '94');
INSERT INTO `game_event_gameobject` VALUES ('633350', '95');
INSERT INTO `game_event_gameobject` VALUES ('633351', '95');

DELETE FROM `locales_npc_text` WHERE entry=8100;
INSERT INTO `locales_npc_text` (entry, Text0_0_loc3) VALUES (8100, 'Essen, das ist ein Thema, in dem ich mich verlieren kann! Mir wurde gesagt, dass wir $2095w von $2096w mageren Wolfssteaks, $2102w von $2103w Tüpfelgelbschwänzen und $2105w von $2106w gebackenem Lachs auf Eis und gelagert haben.');
DELETE FROM `locales_npc_text` WHERE entry=8099;
INSERT INTO `locales_npc_text` (entry, Text0_0_loc3) VALUES (8099, 'Verbände? Meinst du etwa, du überlebst lange genug, dass du welche benötigen wirst? Har! Also gut, $R, Ich werde es dir sagen. Von den $2080w Wollverbänden, die wir brauchen, haben wir $2079w gesammelt. Bislang haben wir $2085w von $2086w Magiestoffverbänden und $2089w von $2090w georderten Runenstoffverbänden verstaut.');
DELETE FROM `locales_npc_text` WHERE entry=8098;
INSERT INTO `locales_npc_text` (entry, Text0_0_loc3) VALUES (8098, 'Gib mir einen Augenblick bitte; es gibt viele Zahlen, die man sich hier merken muss. Es sieht so aus, als hätten wir $2066w von $2067w schweren Lederhäuten gesammelt. Ebenso haben wir $2070w von $2071w dickem Leder und $2073w von $2074w unverwüstlichem Leder gehortet.');
DELETE FROM `locales_npc_text` WHERE entry=8097;
INSERT INTO `locales_npc_text` (entry, Text0_0_loc3) VALUES (8097, 'Ich habe jüngst Meldung darüber erhalten. Wir besitzen derzeit $2021w von $2020w Friedensblumen, $2050w von $2051w Feuerblüten und $2054w von $2055w Lila Lotus\', die verlangt werden.');
DELETE FROM `locales_npc_text` WHERE entry=8096;
INSERT INTO `locales_npc_text` (entry, Text0_0_loc3) VALUES (8096, 'Von den $1998w Kupferbarren, die wir benötigen werden, besitzen wir $2018w. Die Anzahl der Zinnbarren steht bei $2005w von $2006w, die wir benötigen. Und es wurden bisher $2008w von $2009w Mithrilbarren für den Krieg eingeschmolzen.');
DELETE FROM `locales_npc_text` WHERE entry=8071;
INSERT INTO `locales_npc_text` (entry, Text0_0_loc3) VALUES (8071, 'Wir kämpfen für eine gemeinsame Sache, $R. Ein uraltes Böses droht damit, alles Leben in Kalimdor auszulöschen und die Welt mit seiner Verdorbenheit zu verschlingen... Es hasst alle Dinge, die von den großartigen Formern geboren wurden: die ewigen Titanen.$B$BWir sind die erste und letzte Verteidigungslinie gegen die Armeen von C\'Thun. Sofern wir uns nicht erheben und gemeinsam gegen unseren Feind vorstoßen, wird er uns zweifellos vernichten.$B$BDer Krieg in Silithus braucht Euch!');
DELETE FROM `locales_npc_text` WHERE entry=8092;
INSERT INTO `locales_npc_text` (entry, Text0_0_loc3) VALUES (8092, 'Throm\'ka, $C, seid standhaft! Ich bin Kriegsherr Gorchuk, Kommandant der Kriegsanstrengungen. Es stehen uns harte Zeiten bevor, aber wir werden wie immer siegreich sein.$B$BWenn du Fragen hast, kannst du sie stellen.');

DELETE FROM `gameobject` WHERE guid=633350;
INSERT INTO `gameobject` VALUES ('633350','176146','1','-8133.34','1525.13','17.1904','6.28103','0','0','0.00107995','-0.999999','600','0','1');

UPDATE `game_event` SET description='Krieg von Ahn\'Qiraj (Kriegsvorbereitung)' WHERE entry=22;
DELETE FROM `game_event` WHERE entry=94;
INSERT INTO `game_event` VALUES (94, '0000-00-00 00:00:00', '0000-00-00 00:00:00', 86400, 256320, 0, 'Krieg von Ahn\'Qiraj (Dauerhaft)');
DELETE FROM `game_event` WHERE entry=95;
INSERT INTO `game_event` VALUES (95, '0000-00-00 00:00:00', '0000-00-00 00:00:00', 86400, 256320, 0, 'Krieg von Ahn\'Qiraj (Streitkräfte im Silithus)');
DELETE FROM `game_event` WHERE entry=96;
INSERT INTO `game_event` VALUES (96, '0000-00-00 00:00:00', '0000-00-00 00:00:00', 86400, 256320, 0, 'Krieg von Ahn\'Qiraj (10 Stunden Krieg)');
